-- phpMyAdmin SQL Dump
-- version 4.9.0.1
-- https://www.phpmyadmin.net/
--
-- Host: 127.0.0.1
-- Generation Time: Jan 19, 2020 at 05:55 PM
-- Server version: 10.3.16-MariaDB
-- PHP Version: 7.3.6

SET SQL_MODE = "NO_AUTO_VALUE_ON_ZERO";
SET AUTOCOMMIT = 0;
START TRANSACTION;
SET time_zone = "+00:00";


/*!40101 SET @OLD_CHARACTER_SET_CLIENT=@@CHARACTER_SET_CLIENT */;
/*!40101 SET @OLD_CHARACTER_SET_RESULTS=@@CHARACTER_SET_RESULTS */;
/*!40101 SET @OLD_COLLATION_CONNECTION=@@COLLATION_CONNECTION */;
/*!40101 SET NAMES utf8mb4 */;

--
-- Database: `blog`
--

-- --------------------------------------------------------

--
-- Table structure for table `blog_comments`
--

CREATE TABLE `blog_comments` (
  `comment_id` bigint(20) NOT NULL,
  `subject` varchar(255) NOT NULL,
  `message` varchar(512) NOT NULL,
  `timestamp` timestamp NOT NULL DEFAULT current_timestamp()
) ENGINE=InnoDB DEFAULT CHARSET=latin1;

-- --------------------------------------------------------

--
-- Table structure for table `blog_comments_metadata`
--

CREATE TABLE `blog_comments_metadata` (
  `comment_id` bigint(20) NOT NULL,
  `comment_author` bigint(20) DEFAULT NULL,
  `comment_author_email` varchar(255) DEFAULT NULL,
  `post_id` bigint(20) NOT NULL,
  `timestamp` timestamp NOT NULL DEFAULT current_timestamp(),
  `ip_address` varchar(255) NOT NULL
) ENGINE=InnoDB DEFAULT CHARSET=latin1;

-- --------------------------------------------------------

--
-- Table structure for table `blog_posts`
--

CREATE TABLE `blog_posts` (
  `post_id` bigint(20) NOT NULL,
  `post_title` varchar(512) NOT NULL,
  `post_author_id` bigint(20) NOT NULL,
  `timestamp` timestamp NOT NULL DEFAULT current_timestamp()
) ENGINE=InnoDB DEFAULT CHARSET=latin1;

--
-- Dumping data for table `blog_posts`
--

INSERT INTO `blog_posts` (`post_id`, `post_title`, `post_author_id`, `timestamp`) VALUES
(2, 'Hello World', 1, '2020-01-12 16:27:30'),
(3, 'Hello World2', 2, '2020-01-13 17:31:19'),
(4, 'HEllo World3', 4, '2020-01-13 17:31:31'),
(5, 'Hello World 4', 12, '2020-01-13 17:31:43'),
(7, 'TEST POST 1', 1, '2020-01-19 16:40:36'),
(8, 'TEST POST 2', 1, '2020-01-19 16:44:53'),
(9, 'TEST POST 3', 1, '2020-01-19 16:46:25'),
(11, 'TEST POST 4', 1, '2020-01-19 16:51:46'),
(13, 'TEST POST 5', 1, '2020-01-19 16:53:13'),
(14, 'final', 1, '2020-01-19 16:54:11');

-- --------------------------------------------------------

--
-- Table structure for table `blog_posts_content`
--

CREATE TABLE `blog_posts_content` (
  `map_id` bigint(20) NOT NULL,
  `post_id` bigint(20) NOT NULL,
  `post_part` bigint(20) NOT NULL,
  `post_content` varchar(10000) NOT NULL,
  `post_revision` bigint(20) NOT NULL,
  `timestamp` timestamp NOT NULL DEFAULT current_timestamp()
) ENGINE=InnoDB DEFAULT CHARSET=latin1;

--
-- Dumping data for table `blog_posts_content`
--

INSERT INTO `blog_posts_content` (`map_id`, `post_id`, `post_part`, `post_content`, `post_revision`, `timestamp`) VALUES
(1, 2, 1, '<h1>Hello World</h1>, Content-1 and paragraph continues...<hr/>', 0, '2020-01-12 16:29:17'),
(2, 2, 2, 'Hello World, Content-2 and paragraph ends here<br/>', 0, '2020-01-12 16:29:17'),
(5, 3, 1, '<h2>Title</h2><p>Some Text</p>', 0, '2020-01-13 17:35:53'),
(6, 3, 1, '<h1>title2</h1>', 1, '2020-01-13 17:36:16'),
(7, 7, 0, '<form name=\"loginForm\" action=\"\" method=\"POST\" onsubmit=\"login();return false;\">\n    <div>Username:<input type=\"text\" name=\"username\"/></div>\n    <div>Password:<input type=\"password\" name=\"password\"/></div>\n    <div><button type=\"submit\" name=\"submit\">LOGIN</button></div>\n  </form>\n  <H6 id=\"response\"><H6>', 0, '2020-01-19 16:40:36'),
(8, 8, 1, '=\"menu-item-641\" class=\"menu-item menu-item-type-post_type menu-item-object-page menu-item-home current-menu-item page_item page-item-393 current_page_item menu-item-641\"><a href=\"https://developerswork.online/\" aria-current=\"page\">HOME</a></li><li id=\"menu-item-1553\" class=\"menu-item menu-item-type-custom menu-item-object-custom menu-item-has-children menu-item-1553\"><a href=\"#\">WORKS</a><ul class=\"sub-menu\"><li id=\"menu-item-1623\" class=\"menu-item menu-item-type-post_type menu-item-object-page menu-item-1623\"><a href=\"https://developerswork.online/blog\">BLOG</a></li></ul></li><li id=\"menu-item-3448\" class=\"menu-item menu-item-type-custom menu-item-object-custom menu-item-has-children menu-item-3448\"><a href=\"#\">SUPPORT</a><ul class=\"sub-menu\"><li id=\"menu-item-3449\" class=\"menu-item menu-item-type-post_type menu-item-object-page menu-item-3449\"><a href=\"https://developerswork.online/history-of-personal-hardware\">MUSEUM</a></li><li id=\"menu-item-1549\" class=\"menu-item menu-item-type-post_type menu-item-object-page menu-item-1549\"><a href=\"https://developerswork.online/team\">HALL OF FAME</a></li><li id=\"menu-item-180\" class=\"menu-item menu-item-type-custom menu-item-object-custom menu-item-180\"><a href=\"https://www.patreon.com/join/DevelopersWork?\">PATREON</a></li><li id=\"menu-item-181\" class=\"menu-item menu-item-type-custom menu-item-object-custom menu-item-181\"><a href=\"https://streamlabs.com/developerswork\">STREAMLABS</a></li></ul></li><li id=\"menu-item-634\" class=\"menu-item menu-item-type-post_type menu-item-object-page menu-item-634\"><a href=\"https://developerswork.online/login\">LOGIN</a></li><li id=\"menu-item-1550\" class=\"menu-item menu-item-type-post_type menu-item-object-page menu-item-1550\"><a href=\"https://developerswork.online/register\">REGISTER</a></li></ul></div></div></div></div><div id=\"wrap\"><div id=\"content\" style=\"margin-bottom:1%;\"><div class=\"custom-header\"><div class=\"row\" style=\"display:none;\"><div class=\"col-md-1\"></div><div class=\"col-md-10\"><div class=\"lazyload intro-item\" data-bg=\"https://developerswork.online/wp-content/uploads/2019/02/ChannelArt.png\" style=\"background-image:url(data:image/svg+xml,%3Csvg%20xmlns=%22http://www.w3.org/2000/svg%22%20viewBox=%220%200%20500%20300%22%3E%3C/svg%3E);margin-top:0;\"><h4 style=\"color:white;font-size:25px;\">Home</h4></div></div><div class=\"col-md-1\"></div></div></div><div class=\"container\" style=\"\n max-width:100%;width:100%;\n padding:0;\n margin:0;\"><div class=\"row\"><div class=\"col-sm-12\"><article id=\"post-393\" class=\"post-393 page type-page status-publish hentry\"><div class=\"row\"><div class=\"col-sm-12\"><div class=\"post-content\"><div data-elementor-type=\"wp-page\" data-elementor-id=\"393\" class=\"elementor elementor-393\" data-elementor-settings=\"[]\"><div class=\"elementor-inner\"><div class=\"elementor-section-wrap\"><section class=\"elementor-element elementor-element-ba5d9d3 elementor-section-full_width elementor-section-height-min-height elementor-section-content-bottom animated-slow elementor-section-items-bottom elementor-section-height-default elementor-invisible elementor-section elementor-top-section\" data-id=\"ba5d9d3\" data-element_type=\"section\" data-settings=\"{&quot;background_background&quot;:&quot;classic&quot;,&quot;shape_divider_bottom&quot;:&quot;opacity-tilt&quot;,&quot;animation&quot;:&quot;headShake&quot;,&quot;animation_delay&quot;:1500}\"><div class=\"elementor-shape elementor-shape-bottom\" data-negative=\"false\"> <svg xmlns=\"http://www.w3.org/2000/svg\" viewBox=\"0 0 2600 131.1\" preserveAspectRatio=\"none\"> <path class=\"elementor-shape-fill\" d=\"M0 0L2600 0 2600 69.1 0 0z\" /> <path class=\"elementor-shape-fill\" style=\"opacity:0.5\" d=\"M0 0L2600 0 2600 69.1 0 69.1z\" /> <path class=\"elementor-shape-fill\" style=\"opacity:0.25\" d=\"M2600 0L0 0 0 130.1 2600 69.1z\" /> </svg></div><div class=\"elementor-container elementor-column-gap-no\"><div class=\"elementor-row\"><div class=\"elementor-element elementor-element-53a9c37 elementor-column elementor-col-100 elementor-top-column\" data-id=\"53a9c37\" data-element_type=\"column\"><div class=\"elementor-column-wrap  elementor-element-populated\"><div class=\"elementor-widget-wrap\"><section class=\"elementor-element elementor-element-129cf72 elementor-section-full_width elementor-section-height-min-height elementor-section-content-middle elementor-section-height-default elementor-section elementor-inner-section\" data-id=\"129cf72\" data-element_type=\"section\"><div class=\"elementor-container elementor-column-gap-extended\"><div class=\"elementor-row\"><div class=\"elementor-element elementor-element-b4299a1 elementor-column elementor-col-100 elementor-inner-column\" data-id=\"b4299a1\" data-element_type=\"column\"><div class=\"elementor-column-wrap  elementor-element-populated\"><div class=\"elementor-widget-wrap\"><div class=\"elementor-element elementor-element-cc166ba animated-slow elementor-invisible elementor-widget elementor-widget-text-editor\" data-id=\"cc166ba\" data-element_type=\"widget\" data-settings=\"{&quot;_animation&quot;:&quot;slideInDown&quot;}\" data-widget_type=\"text-editor.default\"><div class=\"elementor-widget-container\"><div class=\"elementor-text-editor elementor-clearfix\"><p>Hey Hi there, Welcome to the world of <a href=\"/cdn-cgi/l/email-protection\" class=\"__cf_email__\" data-cfemail=\"ca8eafbcafa6a5baafb8b98a9da5b8a1\">[email&#160;protected]</a></p></div></div></div></div></div></div></div></div></section></div></div></div></div></div></section><section class=\"elementor-element elementor-element-df1f705 elementor-section-boxed elementor-section-height-default elementor-section-height-default elementor-section elementor-top-section\" data-id=\"df1f705\" data-element_type=\"section\"><div class=\"elementor-container elementor-column-gap-default\"><div class=\"elementor-row\"><div class=\"elementor-element elementor-element-7c59509 elementor-column elementor-col-100 elementor-top-column\" data-id=\"7c59509\" data-element_type=\"column\"><div class=\"elementor-column-wrap  elementor-element-populated\"><div class=\"elementor-widget-wrap\"><div class=\"elementor-element elementor-element-9228a46 elementor-widget elementor-widget-spacer\" data-id=\"9228a46\" data-element_type=\"widget\" data-widget_type=\"spacer.default\"><div class=\"elementor-widget-container\"><div class=\"elementor-spacer\"><div class=\"elementor-spacer-inner\"></div></div></div></div></div></div></div></div></div></section><section class=\"elementor-element elementor-element-ccd9878 elementor-section-boxed elementor-section-height-default elementor-section-height-default elementor-section elementor-top-section\" data-id=\"ccd9878\" data-element_type=\"section\"><div class=\"elementor-container elementor-column-gap-default\"><div class=\"elementor-row\"><div class=\"elementor-element elementor-element-3f00a57 elementor-column elementor-col-100 elementor-top-column\" data-id=\"3f00a57\" data-element_type=\"column\"><div class=\"elementor-column-wrap  elementor-element-populated\"><div class=\"elementor-widget-wrap\"><div class=\"elementor-element elementor-element-545c074 elementor-hidden-desktop elementor-hidden-tablet elementor-widget elementor-widget-alert\" data-id=\"545c074\" data-element_type=\"widget\" data-settings=\"{&quot;_animation_tablet&quot;:&quot;zoomInDown&quot;,&quot;_animation_mobile&quot;:&quot;bounceInUp&quot;}\" data-widget_type=\"alert.default\"><div class=\"elementor-widget-container\"><div class=\"elementor-alert elementor-alert-warning\" role=\"alert\"> <span class=\"elementor-alert-title\">Alert</span> <span class=\"elementor-alert-description\">THIS WEBSITE IS DESIGNED FOR 16:9 RESOLUTION SCREENS. USE ANY COMPUTER OR TABLET FOR BEST EXPERIENCE</span> <button type=\"button\" class=\"elementor-alert-dismiss\"> <span aria-hidden=\"true\">&times;</span> <span class=\"elementor-screen-only\">Dismiss alert</span> </button></div></div></div></div></div></div></div></div></section><section class=\"elementor-element elementor-element-578f20b elementor-section-full_width elementor-section-content-middle elementor-section-height-default elementor-section-height-default elementor-section elementor-top-section\" data-id=\"578f20b\" data-element_type=\"section\"><div class=\"elementor-container elementor-column-gap-extended\"><div class=\"elementor-row\"><div class=\"elementor-element elementor-element-7d42953 elementor-column elementor-col-100 elementor-top-column\" data-id=\"7d42953\" data-element_type=\"column\"><div class=\"elementor-column-wrap  elementor-element-populated\"><div class=\"elementor-widget-wrap\"><div class=\"elementor-element elementor-element-cc9c27e animated-slow htmega-title-align-center elementor-invisible elementor-widget elementor-widget-section-title-addons\" data-id=\"cc9c27e\" data-element_type=\"widget\" data-settings=\"{&quot;_animation&quot;:&quot;bounceIn&quot;,&quot;_animation_delay&quot;:500}\" data-widget_type=\"section-title-addons.default\"><div class=\"elementor-widget-container\"><div class=\"htmega-section-title htmega-subtitle-position-bottom title-style-two\"><h2 class=\"section-title-txt\"><a href=\"https://twitter.com/developersworky', 0, '2020-01-19 16:44:53'),
(9, 9, 1, 'e\" content=\"Developers@Work\" /><meta property=\"og:image\" content=\"https://developerswork.online/wp-content/uploads/2019/05/mohammed-azim-532012-unsplash.jpg\" /><meta property=\"og:image:width\" content=\"700\" /><meta property=\"og:image:height\" content=\"700\" /><meta property=\"og:locale\" content=\"en_US\" /><meta name=\"twitter:site\" content=\"@developersworky\" /><meta name=\"twitter:text:title\" content=\"Home\" /><meta name=\"twitter:card\" content=\"summary\" /><link rel=\"icon\" href=\"https://developerswork.online/wp-content/uploads/2018/12/cropped-transperentlogo-2-32x32.png\" sizes=\"32x32\" /><link rel=\"icon\" href=\"https://developerswork.online/wp-content/uploads/2018/12/cropped-transperentlogo-2-192x192.png\" sizes=\"192x192\" /><link rel=\"apple-touch-icon-precomposed\" href=\"https://developerswork.online/wp-content/uploads/2018/12/cropped-transperentlogo-2-180x180.png\" /><meta name=\"msapplication-TileImage\" content=\"https://developerswork.online/wp-content/uploads/2018/12/cropped-transperentlogo-2-270x270.png\" /><link rel=\"st', 0, '2020-01-19 16:46:26'),
(10, 9, 3, 'href=\"https://developerswork.online/\" class=\"custom-logo-link\" rel=\"home\"><noscript><img width=\"360\" height=\"60\"   alt=\"Developers@Work\" data-srcset=\"https://developerswork.online/wp-content/uploads/2019/03/DESIGNS-Copy.png 360w, https://developerswork.online/wp-content/uploads/2019/03/DESIGNS-Copy-300x50.png 300w, https://developerswork.online/wp-content/uploads/2019/03/DESIGNS-Copy-24x4.png 24w, https://developerswork.online/wp-content/uploads/2019/03/DESIGNS-Copy-36x6.png 36w, https://developerswork.online/wp-content/uploads/2019/03/DESIGNS-Copy-48x8.png 48w\" sizes=\"(max-width: 360px) 100vw, 360px\" data-attachment-id=\"448\" data-permalink=\"https://developerswork.online/designs-copy\" data-orig-file=\"https://developerswork.online/wp-content/uploads/2019/03/DESIGNS-Copy.png\" data-orig-size=\"360,60\" data-comments-opened=\"1\" data-image-meta=\"{&quot;aperture&quot;:&quot;0&quot;,&quot;credit&quot;:&quot;&quot;,&quot;camera&quot;:&quot;&quot;,&quot;caption&quot;:&quot;&quot;,&quot;created_timestamp&quot;:&quot;0&qu', 0, '2020-01-19 16:46:26'),
(11, 9, 4, 'ot;,&quot;copyright&quot;:&quot;&quot;,&quot;focal_length&quot;:&quot;0&quot;,&quot;iso&quot;:&quot;0&quot;,&quot;shutter_speed&quot;:&quot;0&quot;,&quot;title&quot;:&quot;&quot;,&quot;orientation&quot;:&quot;0&quot;}\" data-image-title=\"NAMING 60 HEIGHT\" data-image-description=\"\" data-medium-file=\"https://developerswork.online/wp-content/uploads/2019/03/DESIGNS-Copy-300x50.png\" data-large-file=\"https://developerswork.online/wp-content/uploads/2019/03/DESIGNS-Copy.png\" data-src=\"https://developerswork.online/wp-content/uploads/2019/03/DESIGNS-Copy.png\" class=\"custom-logo lazyload\" src=\"data:image/gif;base64,R0lGODlhAQABAAAAACH5BAEKAAEALAAAAAABAAEAAAICTAEAOw==\" /><noscript><img width=\"360\" height=\"60\" src=\"https://developerswork.online/wp-content/uploads/2019/03/DESIGNS-Copy.png\" class=\"custom-logo\" alt=\"Developers@Work\" srcset=\"https://developerswork.online/wp-content/uploads/2019/03/DESIGNS-Copy.png 360w, https://developerswork.online/wp-content/uploads/2019/03/DESIGNS-Copy-300x50.png 300w, https://developers', 0, '2020-01-19 16:46:26'),
(12, 9, 5, 'work.online/wp-content/uploads/2019/03/DESIGNS-Copy-24x4.png 24w, https://developerswork.online/wp-content/uploads/2019/03/DESIGNS-Copy-36x6.png 36w, https://developerswork.online/wp-content/uploads/2019/03/DESIGNS-Copy-48x8.png 48w\" sizes=\"(max-width: 360px) 100vw, 360px\" data-attachment-id=\"448\" data-permalink=\"https://developerswork.online/designs-copy\" data-orig-file=\"https://developerswork.online/wp-content/uploads/2019/03/DESIGNS-Copy.png\" data-orig-size=\"360,60\" data-comments-opened=\"1\" data-image-meta=\"{&quot;aperture&quot;:&quot;0&quot;,&quot;credit&quot;:&quot;&quot;,&quot;camera&quot;:&quot;&quot;,&quot;caption&quot;:&quot;&quot;,&quot;created_timestamp&quot;:&quot;0&quot;,&quot;copyright&quot;:&quot;&quot;,&quot;focal_length&quot;:&quot;0&quot;,&quot;iso&quot;:&quot;0&quot;,&quot;shutter_speed&quot;:&quot;0&quot;,&quot;title&quot;:&quot;&quot;,&quot;orientation&quot;:&quot;0&quot;}\" data-image-title=\"NAMING 60 HEIGHT\" data-image-description=\"\" data-medium-file=\"https://developerswork.online/wp-con', 0, '2020-01-19 16:46:26'),
(13, 9, 7, 'https://developerswork.online/wp-content/uploads/2019/03/DESIGNS-Copy.png\" data-orig-size=\"360,60\" data-comments-opened=\"1\" data-image-meta=\"{&quot;aperture&quot;:&quot;0&quot;,&quot;credit&quot;:&quot;&quot;,&quot;camera&quot;:&quot;&quot;,&quot;caption&quot;:&quot;&quot;,&quot;created_timestamp&quot;:&quot;0&quot;,&quot;copyright&quot;:&quot;&quot;,&quot;focal_length&quot;:&quot;0&quot;,&quot;iso&quot;:&quot;0&quot;,&quot;shutter_speed&quot;:&quot;0&quot;,&quot;title&quot;:&quot;&quot;,&quot;orientation&quot;:&quot;0&quot;}\" data-image-title=\"NAMING 60 HEIGHT\" data-image-description=\"\" data-medium-file=\"https://developerswork.online/wp-content/uploads/2019/03/DESIGNS-Copy-300x50.png\" data-large-file=\"https://developerswork.online/wp-content/uploads/2019/03/DESIGNS-Copy.png\" /></a> <a href=\"https://developerswork.online/\" class=\"custom-logo-link--sticky\" rel=\"home\" itemprop=\"url\"><noscript><img   itemprop=\"logo\" width=\"384\" height=\"64\" alt=\"Developers@Work\" data-src=\"https://developerswork.online/wp-content/', 0, '2020-01-19 16:46:26'),
(14, 9, 9, '-current=\"page\">HOME</a></li><li id=\"menu-item-1553\" class=\"menu-item menu-item-type-custom menu-item-object-custom menu-item-has-children menu-item-1553\"><a href=\"#\">WORKS</a><ul class=\"sub-menu\"><li id=\"menu-item-1623\" class=\"menu-item menu-item-type-post_type menu-item-object-page menu-item-1623\"><a href=\"https://developerswork.online/blog\">BLOG</a></li></ul></li><li id=\"menu-item-3448\" class=\"menu-item menu-item-type-custom menu-item-object-custom menu-item-has-children menu-item-3448\"><a href=\"#\">SUPPORT</a><ul class=\"sub-menu\"><li id=\"menu-item-3449\" class=\"menu-item menu-item-type-post_type menu-item-object-page menu-item-3449\"><a href=\"https://developerswork.online/history-of-personal-hardware\">MUSEUM</a></li><li id=\"menu-item-1549\" class=\"menu-item menu-item-type-post_type menu-item-object-page menu-item-1549\"><a href=\"https://developerswork.online/team\">HALL OF FAME</a></li><li id=\"menu-item-180\" class=\"menu-item menu-item-type-custom menu-item-object-custom menu-item-180\"><a href=\"https://www.patre', 0, '2020-01-19 16:46:26'),
(15, 9, 10, 'on.com/join/DevelopersWork?\">PATREON</a></li><li id=\"menu-item-181\" class=\"menu-item menu-item-type-custom menu-item-object-custom menu-item-181\"><a href=\"https://streamlabs.com/developerswork\">STREAMLABS</a></li></ul></li><li id=\"menu-item-634\" class=\"menu-item menu-item-type-post_type menu-item-object-page menu-item-634\"><a href=\"https://developerswork.online/login\">LOGIN</a></li><li id=\"menu-item-1550\" class=\"menu-item menu-item-type-post_type menu-item-object-page menu-item-1550\"><a href=\"https://developerswork.online/register\">REGISTER</a></li></ul></div></div></div></div><div id=\"wrap\"><div id=\"content\" style=\"margin-bottom:1%;\"><div class=\"custom-header\"><div class=\"row\" style=\"display:none;\"><div class=\"col-md-1\"></div><div class=\"col-md-10\"><div class=\"lazyload intro-item\" data-bg=\"https://developerswork.online/wp-content/uploads/2019/02/ChannelArt.png\" style=\"background-image:url(data:image/svg+xml,%3Csvg%20xmlns=%22http://www.w3.org/2000/svg%22%20viewBox=%220%200%20500%20300%22%3E%3C/svg%3E);margin', 0, '2020-01-19 16:46:26'),
(16, 9, 11, '-top:0;\"><h4 style=\"color:white;font-size:25px;\">Home</h4></div></div><div class=\"col-md-1\"></div></div></div><div class=\"container\" style=\"\n max-width:100%;width:100%;\n padding:0;\n margin:0;\"><div class=\"row\"><div class=\"col-sm-12\"><article id=\"post-393\" class=\"post-393 page type-page status-publish hentry\"><div class=\"row\"><div class=\"col-sm-12\"><div class=\"post-content\"><div data-elementor-type=\"wp-page\" data-elementor-id=\"393\" class=\"elementor elementor-393\" data-elementor-settings=\"[]\"><div class=\"elementor-inner\"><div class=\"elementor-section-wrap\"><section class=\"elementor-element elementor-element-ba5d9d3 elementor-section-full_width elementor-section-height-min-height elementor-section-content-bottom animated-slow elementor-section-items-bottom elementor-section-height-default elementor-invisible elementor-section elementor-top-section\" data-id=\"ba5d9d3\" data-element_type=\"section\" data-settings=\"{&quot;background_background&quot;:&quot;classic&quot;,&quot;shape_divider_bottom&quot;:&quot;opacity-til', 0, '2020-01-19 16:46:26'),
(17, 9, 12, 't&quot;,&quot;animation&quot;:&quot;headShake&quot;,&quot;animation_delay&quot;:1500}\"><div class=\"elementor-shape elementor-shape-bottom\" data-negative=\"false\"> <svg xmlns=\"http://www.w3.org/2000/svg\" viewBox=\"0 0 2600 131.1\" preserveAspectRatio=\"none\"> <path class=\"elementor-shape-fill\" d=\"M0 0L2600 0 2600 69.1 0 0z\" /> <path class=\"elementor-shape-fill\" style=\"opacity:0.5\" d=\"M0 0L2600 0 2600 69.1 0 69.1z\" /> <path class=\"elementor-shape-fill\" style=\"opacity:0.25\" d=\"M2600 0L0 0 0 130.1 2600 69.1z\" /> </svg></div><div class=\"elementor-container elementor-column-gap-no\"><div class=\"elementor-row\"><div class=\"elementor-element elementor-element-53a9c37 elementor-column elementor-col-100 elementor-top-column\" data-id=\"53a9c37\" data-element_type=\"column\"><div class=\"elementor-column-wrap  elementor-element-populated\"><div class=\"elementor-widget-wrap\"><section class=\"elementor-element elementor-element-129cf72 elementor-section-full_width elementor-section-height-min-height elementor-section-content-middle ele', 0, '2020-01-19 16:46:26'),
(18, 9, 13, 'mentor-section-height-default elementor-section elementor-inner-section\" data-id=\"129cf72\" data-element_type=\"section\"><div class=\"elementor-container elementor-column-gap-extended\"><div class=\"elementor-row\"><div class=\"elementor-element elementor-element-b4299a1 elementor-column elementor-col-100 elementor-inner-column\" data-id=\"b4299a1\" data-element_type=\"column\"><div class=\"elementor-column-wrap  elementor-element-populated\"><div class=\"elementor-widget-wrap\"><div class=\"elementor-element elementor-element-cc166ba animated-slow elementor-invisible elementor-widget elementor-widget-text-editor\" data-id=\"cc166ba\" data-element_type=\"widget\" data-settings=\"{&quot;_animation&quot;:&quot;slideInDown&quot;}\" data-widget_type=\"text-editor.default\"><div class=\"elementor-widget-container\"><div class=\"elementor-text-editor elementor-clearfix\"><p>Hey Hi there, Welcome to the world of <a href=\"/cdn-cgi/l/email-protection\" class=\"__cf_email__\" data-cfemail=\"ca8eafbcafa6a5baafb8b98a9da5b8a1\">[email&#160;protected]</a></', 0, '2020-01-19 16:46:26'),
(19, 9, 14, 'p></div></div></div></div></div></div></div></div></section></div></div></div></div></div></section><section class=\"elementor-element elementor-element-df1f705 elementor-section-boxed elementor-section-height-default elementor-section-height-default elementor-section elementor-top-section\" data-id=\"df1f705\" data-element_type=\"section\"><div class=\"elementor-container elementor-column-gap-default\"><div class=\"elementor-row\"><div class=\"elementor-element elementor-element-7c59509 elementor-column elementor-col-100 elementor-top-column\" data-id=\"7c59509\" data-element_type=\"column\"><div class=\"elementor-column-wrap  elementor-element-populated\"><div class=\"elementor-widget-wrap\"><div class=\"elementor-element elementor-element-9228a46 elementor-widget elementor-widget-spacer\" data-id=\"9228a46\" data-element_type=\"widget\" data-widget_type=\"spacer.default\"><div class=\"elementor-widget-container\"><div class=\"elementor-spacer\"><div class=\"elementor-spacer-inner\"></div></div></div></div></div></div></div></div></div></se', 0, '2020-01-19 16:46:26'),
(20, 9, 15, 'ction><section class=\"elementor-element elementor-element-ccd9878 elementor-section-boxed elementor-section-height-default elementor-section-height-default elementor-section elementor-top-section\" data-id=\"ccd9878\" data-element_type=\"section\"><div class=\"elementor-container elementor-column-gap-default\"><div class=\"elementor-row\"><div class=\"elementor-element elementor-element-3f00a57 elementor-column elementor-col-100 elementor-top-column\" data-id=\"3f00a57\" data-element_type=\"column\"><div class=\"elementor-column-wrap  elementor-element-populated\"><div class=\"elementor-widget-wrap\"><div class=\"elementor-element elementor-element-545c074 elementor-hidden-desktop elementor-hidden-tablet elementor-widget elementor-widget-alert\" data-id=\"545c074\" data-element_type=\"widget\" data-settings=\"{&quot;_animation_tablet&quot;:&quot;zoomInDown&quot;,&quot;_animation_mobile&quot;:&quot;bounceInUp&quot;}\" data-widget_type=\"alert.default\"><div class=\"elementor-widget-container\"><div class=\"elementor-alert elementor-alert-war', 0, '2020-01-19 16:46:27'),
(21, 9, 16, 'ning\" role=\"alert\"> <span class=\"elementor-alert-title\">Alert</span> <span class=\"elementor-alert-description\">THIS WEBSITE IS DESIGNED FOR 16:9 RESOLUTION SCREENS. USE ANY COMPUTER OR TABLET FOR BEST EXPERIENCE</span> <button type=\"button\" class=\"elementor-alert-dismiss\"> <span aria-hidden=\"true\">&times;</span> <span class=\"elementor-screen-only\">Dismiss alert</span> </button></div></div></div></div></div></div></div></div></section><section class=\"elementor-element elementor-element-578f20b elementor-section-full_width elementor-section-content-middle elementor-section-height-default elementor-section-height-default elementor-section elementor-top-section\" data-id=\"578f20b\" data-element_type=\"section\"><div class=\"elementor-container elementor-column-gap-extended\"><div class=\"elementor-row\"><div class=\"elementor-element elementor-element-7d42953 elementor-column elementor-col-100 elementor-top-column\" data-id=\"7d42953\" data-element_type=\"column\"><div class=\"elementor-column-wrap  elementor-element-populated\"', 0, '2020-01-19 16:46:27'),
(22, 9, 17, '><div class=\"elementor-widget-wrap\"><div class=\"elementor-element elementor-element-cc9c27e animated-slow htmega-title-align-center elementor-invisible elementor-widget elementor-widget-section-title-addons\" data-id=\"cc9c27e\" data-element_type=\"widget\" data-settings=\"{&quot;_animation&quot;:&quot;bounceIn&quot;,&quot;_animation_delay&quot;:500}\" data-widget_type=\"section-title-addons.default\"><div class=\"elementor-widget-container\"><div class=\"htmega-section-title htmega-subtitle-position-bottom title-style-two\"><h2 class=\"section-title-txt\"><a href=\"https://twitter.com/developersworky\" target=\"_blank\">LATEST TWEETS</a></h2><div class=htmega-title-sperator-sec><span class=\"htmega-title-sperator\">&nbsp;</span></div><p class=\"section-subtitle-txt\"><a href=\"https://twitter.com/developersworky\" target=\"_blank\">@DevelopersWorkY</a></p><i aria-hidden=\"true\" class=\"fas fa-pencil-alt\"></i></div></div></div><div class=\"elementor-element elementor-element-d7c1876 animated-slow elementor-invisible elementor-widget eleme', 0, '2020-01-19 16:46:27'),
(23, 9, 18, 'ntor-widget-htmega-twitterfeed-addons\" data-id=\"d7c1876\" data-element_type=\"widget\" data-settings=\"{&quot;_animation&quot;:&quot;jello&quot;}\" data-widget_type=\"htmega-twitterfeed-addons.default\"><div class=\"elementor-widget-container\"><div class=\"htmega-twitter-area htmega-twitter-style-4 htmega-carousel-activation\" data-settings=\"{&quot;arrows&quot;:false,&quot;arrow_prev_txt&quot;:false,&quot;arrow_next_txt&quot;:false,&quot;dots&quot;:false,&quot;autoplay&quot;:true,&quot;autoplay_speed&quot;:1500,&quot;animation_speed&quot;:1000,&quot;pause_on_hover&quot;:false,&quot;center_mode&quot;:true,&quot;center_padding&quot;:0,&quot;display_columns&quot;:4,&quot;scroll_columns&quot;:1,&quot;tablet_width&quot;:1280,&quot;tablet_display_columns&quot;:1,&quot;tablet_scroll_columns&quot;:1,&quot;mobile_width&quot;:720,&quot;mobile_display_columns&quot;:1,&quot;mobile_scroll_columns&quot;:1}\"><div class=\"htmega-twitter\"><div class=\"htmega-twitter-single\"><div class=\"htmega-thumb\"> <a href=\"https://twitter.com/Develope', 0, '2020-01-19 16:46:27'),
(24, 9, 19, 'rsWorkY\" target=\"_blank\"> <noscript><img  title=\"Developers@Work\" alt=\"Developers@Work\" data-src=\"https://pbs.twimg.com/profile_images/850312838119739392/HKhZGj9G_normal.jpg\" class=\"lazyload\" src=\"data:image/gif;base64,R0lGODlhAQABAAAAACH5BAEKAAEALAAAAAABAAEAAAICTAEAOw==\"><noscript><img  title=\"Developers@Work\" alt=\"Developers@Work\" data-src=\"https://pbs.twimg.com/profile_images/850312838119739392/HKhZGj9G_normal.jpg\" class=\"lazyload\" src=\"data:image/gif;base64,R0lGODlhAQABAAAAACH5BAEKAAEALAAAAAABAAEAAAICTAEAOw==\"><noscript><img  title=\"Developers@Work\" alt=\"Developers@Work\" data-src=\"https://pbs.twimg.com/profile_images/850312838119739392/HKhZGj9G_normal.jpg\" class=\"lazyload\" src=\"data:image/gif;base64,R0lGODlhAQABAAAAACH5BAEKAAEALAAAAAABAAEAAAICTAEAOw==\"><noscript><img  title=\"Developers@Work\" alt=\"Developers@Work\" data-src=\"https://pbs.twimg.com/profile_images/850312838119739392/HKhZGj9G_normal.jpg\" class=\"lazyload\" src=\"data:image/gif;base64,R0lGODlhAQABAAAAACH5BAEKAAEALAAAAAABAAEAAAICTAEAOw==\"><noscript>', 0, '2020-01-19 16:46:27'),
(25, 9, 20, '<img  title=\"Developers@Work\" alt=\"Developers@Work\" data-src=\"https://pbs.twimg.com/profile_images/850312838119739392/HKhZGj9G_normal.jpg\" class=\"lazyload\" src=\"data:image/gif;base64,R0lGODlhAQABAAAAACH5BAEKAAEALAAAAAABAAEAAAICTAEAOw==\"><noscript><img  title=\"Developers@Work\" alt=\"Developers@Work\" data-src=\"https://pbs.twimg.com/profile_images/850312838119739392/HKhZGj9G_normal.jpg\" class=\"lazyload\" src=\"data:image/gif;base64,R0lGODlhAQABAAAAACH5BAEKAAEALAAAAAABAAEAAAICTAEAOw==\"><noscript><img  title=\"Developers@Work\" alt=\"Developers@Work\" data-src=\"https://pbs.twimg.com/profile_images/850312838119739392/HKhZGj9G_normal.jpg\" class=\"lazyload\" src=\"data:image/gif;base64,R0lGODlhAQABAAAAACH5BAEKAAEALAAAAAABAAEAAAICTAEAOw==\"><noscript><img  title=\"Developers@Work\" alt=\"Developers@Work\" data-src=\"https://pbs.twimg.com/profile_images/850312838119739392/HKhZGj9G_normal.jpg\" class=\"lazyload\" src=\"data:image/gif;base64,R0lGODlhAQABAAAAACH5BAEKAAEALAAAAAABAAEAAAICTAEAOw==\"><noscript><img  title=\"Developers@Work\" alt=\"D', 0, '2020-01-19 16:46:27'),
(26, 9, 21, 'evelopers@Work\" data-src=\"https://pbs.twimg.com/profile_images/850312838119739392/HKhZGj9G_normal.jpg\" class=\"lazyload\" src=\"data:image/gif;base64,R0lGODlhAQABAAAAACH5BAEKAAEALAAAAAABAAEAAAICTAEAOw==\"><noscript><img  title=\"Developers@Work\" alt=\"Developers@Work\" data-src=\"https://pbs.twimg.com/profile_images/850312838119739392/HKhZGj9G_normal.jpg\" class=\"lazyload\" src=\"data:image/gif;base64,R0lGODlhAQABAAAAACH5BAEKAAEALAAAAAABAAEAAAICTAEAOw==\"><noscript><img  title=\"Developers@Work\" alt=\"Developers@Work\" data-src=\"https://pbs.twimg.com/profile_images/850312838119739392/HKhZGj9G_normal.jpg\" class=\"lazyload\" src=\"data:image/gif;base64,R0lGODlhAQABAAAAACH5BAEKAAEALAAAAAABAAEAAAICTAEAOw==\"><noscript><img  title=\"Developers@Work\" alt=\"Developers@Work\" data-src=\"https://pbs.twimg.com/profile_images/850312838119739392/HKhZGj9G_normal.jpg\" class=\"lazyload\" src=\"data:image/gif;base64,R0lGODlhAQABAAAAACH5BAEKAAEALAAAAAABAAEAAAICTAEAOw==\"><noscript><img  title=\"Developers@Work\" alt=\"Developers@Work\" data-src=\"https://pb', 0, '2020-01-19 16:46:27'),
(27, 9, 22, 's.twimg.com/profile_images/850312838119739392/HKhZGj9G_normal.jpg\" class=\"lazyload\" src=\"data:image/gif;base64,R0lGODlhAQABAAAAACH5BAEKAAEALAAAAAABAAEAAAICTAEAOw==\"><noscript><img  title=\"Developers@Work\" alt=\"Developers@Work\" data-src=\"https://pbs.twimg.com/profile_images/850312838119739392/HKhZGj9G_normal.jpg\" class=\"lazyload\" src=\"data:image/gif;base64,R0lGODlhAQABAAAAACH5BAEKAAEALAAAAAABAAEAAAICTAEAOw==\"><noscript><img  title=\"Developers@Work\" alt=\"Developers@Work\" data-src=\"https://pbs.twimg.com/profile_images/850312838119739392/HKhZGj9G_normal.jpg\" class=\"lazyload\" src=\"data:image/gif;base64,R0lGODlhAQABAAAAACH5BAEKAAEALAAAAAABAAEAAAICTAEAOw==\"><noscript><img  title=\"Developers@Work\" alt=\"Developers@Work\" data-src=\"https://pbs.twimg.com/profile_images/850312838119739392/HKhZGj9G_normal.jpg\" class=\"lazyload\" src=\"data:image/gif;base64,R0lGODlhAQABAAAAACH5BAEKAAEALAAAAAABAAEAAAICTAEAOw==\"><noscript><img  title=\"Developers@Work\" alt=\"Developers@Work\" data-src=\"https://pbs.twimg.com/profile_images/850312838', 0, '2020-01-19 16:46:27'),
(28, 9, 23, '119739392/HKhZGj9G_normal.jpg\" class=\"lazyload\" src=\"data:image/gif;base64,R0lGODlhAQABAAAAACH5BAEKAAEALAAAAAABAAEAAAICTAEAOw==\"><noscript><img  title=\"Developers@Work\" alt=\"Developers@Work\" data-src=\"https://pbs.twimg.com/profile_images/850312838119739392/HKhZGj9G_normal.jpg\" class=\"lazyload\" src=\"data:image/gif;base64,R0lGODlhAQABAAAAACH5BAEKAAEALAAAAAABAAEAAAICTAEAOw==\"><noscript><img  title=\"Developers@Work\" alt=\"Developers@Work\" data-src=\"https://pbs.twimg.com/profile_images/850312838119739392/HKhZGj9G_normal.jpg\" class=\"lazyload\" src=\"data:image/gif;base64,R0lGODlhAQABAAAAACH5BAEKAAEALAAAAAABAAEAAAICTAEAOw==\"><noscript><img  title=\"Developers@Work\" alt=\"Developers@Work\" data-src=\"https://pbs.twimg.com/profile_images/850312838119739392/HKhZGj9G_normal.jpg\" class=\"lazyload\" src=\"data:image/gif;base64,R0lGODlhAQABAAAAACH5BAEKAAEALAAAAAABAAEAAAICTAEAOw==\"><noscript><img src=\"https://pbs.twimg.com/profile_images/850312838119739392/HKhZGj9G_normal.jpg\" title=\"Developers@Work\" alt=\"Developers@Work\"></noscript>', 0, '2020-01-19 16:46:27'),
(29, 9, 25, 'lopersWorkY\" target=\"_blank\"> <noscript><img  title=\"Developers@Work\" alt=\"Developers@Work\" data-src=\"https://pbs.twimg.com/profile_images/850312838119739392/HKhZGj9G_normal.jpg\" class=\"lazyload\" src=\"data:image/gif;base64,R0lGODlhAQABAAAAACH5BAEKAAEALAAAAAABAAEAAAICTAEAOw==\"><noscript><img  title=\"Developers@Work\" alt=\"Developers@Work\" data-src=\"https://pbs.twimg.com/profile_images/850312838119739392/HKhZGj9G_normal.jpg\" class=\"lazyload\" src=\"data:image/gif;base64,R0lGODlhAQABAAAAACH5BAEKAAEALAAAAAABAAEAAAICTAEAOw==\"><noscript><img  title=\"Developers@Work\" alt=\"Developers@Work\" data-src=\"https://pbs.twimg.com/profile_images/850312838119739392/HKhZGj9G_normal.jpg\" class=\"lazyload\" src=\"data:image/gif;base64,R0lGODlhAQABAAAAACH5BAEKAAEALAAAAAABAAEAAAICTAEAOw==\"><noscript><img  title=\"Developers@Work\" alt=\"Developers@Work\" data-src=\"https://pbs.twimg.com/profile_images/850312838119739392/HKhZGj9G_normal.jpg\" class=\"lazyload\" src=\"data:image/gif;base64,R0lGODlhAQABAAAAACH5BAEKAAEALAAAAAABAAEAAAICTAEAOw==\"><noscr', 0, '2020-01-19 16:46:27'),
(30, 9, 26, 'ipt><img  title=\"Developers@Work\" alt=\"Developers@Work\" data-src=\"https://pbs.twimg.com/profile_images/850312838119739392/HKhZGj9G_normal.jpg\" class=\"lazyload\" src=\"data:image/gif;base64,R0lGODlhAQABAAAAACH5BAEKAAEALAAAAAABAAEAAAICTAEAOw==\"><noscript><img  title=\"Developers@Work\" alt=\"Developers@Work\" data-src=\"https://pbs.twimg.com/profile_images/850312838119739392/HKhZGj9G_normal.jpg\" class=\"lazyload\" src=\"data:image/gif;base64,R0lGODlhAQABAAAAACH5BAEKAAEALAAAAAABAAEAAAICTAEAOw==\"><noscript><img  title=\"Developers@Work\" alt=\"Developers@Work\" data-src=\"https://pbs.twimg.com/profile_images/850312838119739392/HKhZGj9G_normal.jpg\" class=\"lazyload\" src=\"data:image/gif;base64,R0lGODlhAQABAAAAACH5BAEKAAEALAAAAAABAAEAAAICTAEAOw==\"><noscript><img  title=\"Developers@Work\" alt=\"Developers@Work\" data-src=\"https://pbs.twimg.com/profile_images/850312838119739392/HKhZGj9G_normal.jpg\" class=\"lazyload\" src=\"data:image/gif;base64,R0lGODlhAQABAAAAACH5BAEKAAEALAAAAAABAAEAAAICTAEAOw==\"><noscript><img  title=\"Developers@Work\" al', 0, '2020-01-19 16:46:27'),
(31, 9, 27, 't=\"Developers@Work\" data-src=\"https://pbs.twimg.com/profile_images/850312838119739392/HKhZGj9G_normal.jpg\" class=\"lazyload\" src=\"data:image/gif;base64,R0lGODlhAQABAAAAACH5BAEKAAEALAAAAAABAAEAAAICTAEAOw==\"><noscript><img  title=\"Developers@Work\" alt=\"Developers@Work\" data-src=\"https://pbs.twimg.com/profile_images/850312838119739392/HKhZGj9G_normal.jpg\" class=\"lazyload\" src=\"data:image/gif;base64,R0lGODlhAQABAAAAACH5BAEKAAEALAAAAAABAAEAAAICTAEAOw==\"><noscript><img  title=\"Developers@Work\" alt=\"Developers@Work\" data-src=\"https://pbs.twimg.com/profile_images/850312838119739392/HKhZGj9G_normal.jpg\" class=\"lazyload\" src=\"data:image/gif;base64,R0lGODlhAQABAAAAACH5BAEKAAEALAAAAAABAAEAAAICTAEAOw==\"><noscript><img  title=\"Developers@Work\" alt=\"Developers@Work\" data-src=\"https://pbs.twimg.com/profile_images/850312838119739392/HKhZGj9G_normal.jpg\" class=\"lazyload\" src=\"data:image/gif;base64,R0lGODlhAQABAAAAACH5BAEKAAEALAAAAAABAAEAAAICTAEAOw==\"><noscript><img  title=\"Developers@Work\" alt=\"Developers@Work\" data-src=\"https:', 0, '2020-01-19 16:46:27'),
(32, 9, 28, '//pbs.twimg.com/profile_images/850312838119739392/HKhZGj9G_normal.jpg\" class=\"lazyload\" src=\"data:image/gif;base64,R0lGODlhAQABAAAAACH5BAEKAAEALAAAAAABAAEAAAICTAEAOw==\"><noscript><img  title=\"Developers@Work\" alt=\"Developers@Work\" data-src=\"https://pbs.twimg.com/profile_images/850312838119739392/HKhZGj9G_normal.jpg\" class=\"lazyload\" src=\"data:image/gif;base64,R0lGODlhAQABAAAAACH5BAEKAAEALAAAAAABAAEAAAICTAEAOw==\"><noscript><img  title=\"Developers@Work\" alt=\"Developers@Work\" data-src=\"https://pbs.twimg.com/profile_images/850312838119739392/HKhZGj9G_normal.jpg\" class=\"lazyload\" src=\"data:image/gif;base64,R0lGODlhAQABAAAAACH5BAEKAAEALAAAAAABAAEAAAICTAEAOw==\"><noscript><img  title=\"Developers@Work\" alt=\"Developers@Work\" data-src=\"https://pbs.twimg.com/profile_images/850312838119739392/HKhZGj9G_normal.jpg\" class=\"lazyload\" src=\"data:image/gif;base64,R0lGODlhAQABAAAAACH5BAEKAAEALAAAAAABAAEAAAICTAEAOw==\"><noscript><img  title=\"Developers@Work\" alt=\"Developers@Work\" data-src=\"https://pbs.twimg.com/profile_images/85031', 0, '2020-01-19 16:46:27'),
(33, 9, 29, '2838119739392/HKhZGj9G_normal.jpg\" class=\"lazyload\" src=\"data:image/gif;base64,R0lGODlhAQABAAAAACH5BAEKAAEALAAAAAABAAEAAAICTAEAOw==\"><noscript><img  title=\"Developers@Work\" alt=\"Developers@Work\" data-src=\"https://pbs.twimg.com/profile_images/850312838119739392/HKhZGj9G_normal.jpg\" class=\"lazyload\" src=\"data:image/gif;base64,R0lGODlhAQABAAAAACH5BAEKAAEALAAAAAABAAEAAAICTAEAOw==\"><noscript><img  title=\"Developers@Work\" alt=\"Developers@Work\" data-src=\"https://pbs.twimg.com/profile_images/850312838119739392/HKhZGj9G_normal.jpg\" class=\"lazyload\" src=\"data:image/gif;base64,R0lGODlhAQABAAAAACH5BAEKAAEALAAAAAABAAEAAAICTAEAOw==\"><noscript><img  title=\"Developers@Work\" alt=\"Developers@Work\" data-src=\"https://pbs.twimg.com/profile_images/850312838119739392/HKhZGj9G_normal.jpg\" class=\"lazyload\" src=\"data:image/gif;base64,R0lGODlhAQABAAAAACH5BAEKAAEALAAAAAABAAEAAAICTAEAOw==\"><noscript><img src=\"https://pbs.twimg.com/profile_images/850312838119739392/HKhZGj9G_normal.jpg\" title=\"Developers@Work\" alt=\"Developers@Work\"></noscr', 0, '2020-01-19 16:46:27'),
(34, 9, 31, 'ega-thumb\"> <a href=\"https://twitter.com/DevelopersWorkY\" target=\"_blank\"> <noscript><img  title=\"Developers@Work\" alt=\"Developers@Work\" data-src=\"https://pbs.twimg.com/profile_images/850312838119739392/HKhZGj9G_normal.jpg\" class=\"lazyload\" src=\"data:image/gif;base64,R0lGODlhAQABAAAAACH5BAEKAAEALAAAAAABAAEAAAICTAEAOw==\"><noscript><img  title=\"Developers@Work\" alt=\"Developers@Work\" data-src=\"https://pbs.twimg.com/profile_images/850312838119739392/HKhZGj9G_normal.jpg\" class=\"lazyload\" src=\"data:image/gif;base64,R0lGODlhAQABAAAAACH5BAEKAAEALAAAAAABAAEAAAICTAEAOw==\"><noscript><img  title=\"Developers@Work\" alt=\"Developers@Work\" data-src=\"https://pbs.twimg.com/profile_images/850312838119739392/HKhZGj9G_normal.jpg\" class=\"lazyload\" src=\"data:image/gif;base64,R0lGODlhAQABAAAAACH5BAEKAAEALAAAAAABAAEAAAICTAEAOw==\"><noscript><img  title=\"Developers@Work\" alt=\"Developers@Work\" data-src=\"https://pbs.twimg.com/profile_images/850312838119739392/HKhZGj9G_normal.jpg\" class=\"lazyload\" src=\"data:image/gif;base64,R0lGODlhAQABAAA', 0, '2020-01-19 16:46:27'),
(35, 9, 32, 'AACH5BAEKAAEALAAAAAABAAEAAAICTAEAOw==\"><noscript><img  title=\"Developers@Work\" alt=\"Developers@Work\" data-src=\"https://pbs.twimg.com/profile_images/850312838119739392/HKhZGj9G_normal.jpg\" class=\"lazyload\" src=\"data:image/gif;base64,R0lGODlhAQABAAAAACH5BAEKAAEALAAAAAABAAEAAAICTAEAOw==\"><noscript><img  title=\"Developers@Work\" alt=\"Developers@Work\" data-src=\"https://pbs.twimg.com/profile_images/850312838119739392/HKhZGj9G_normal.jpg\" class=\"lazyload\" src=\"data:image/gif;base64,R0lGODlhAQABAAAAACH5BAEKAAEALAAAAAABAAEAAAICTAEAOw==\"><noscript><img  title=\"Developers@Work\" alt=\"Developers@Work\" data-src=\"https://pbs.twimg.com/profile_images/850312838119739392/HKhZGj9G_normal.jpg\" class=\"lazyload\" src=\"data:image/gif;base64,R0lGODlhAQABAAAAACH5BAEKAAEALAAAAAABAAEAAAICTAEAOw==\"><noscript><img  title=\"Developers@Work\" alt=\"Developers@Work\" data-src=\"https://pbs.twimg.com/profile_images/850312838119739392/HKhZGj9G_normal.jpg\" class=\"lazyload\" src=\"data:image/gif;base64,R0lGODlhAQABAAAAACH5BAEKAAEALAAAAAABAAEAAAICTAEAOw=', 0, '2020-01-19 16:46:27'),
(36, 9, 33, '=\"><noscript><img  title=\"Developers@Work\" alt=\"Developers@Work\" data-src=\"https://pbs.twimg.com/profile_images/850312838119739392/HKhZGj9G_normal.jpg\" class=\"lazyload\" src=\"data:image/gif;base64,R0lGODlhAQABAAAAACH5BAEKAAEALAAAAAABAAEAAAICTAEAOw==\"><noscript><img  title=\"Developers@Work\" alt=\"Developers@Work\" data-src=\"https://pbs.twimg.com/profile_images/850312838119739392/HKhZGj9G_normal.jpg\" class=\"lazyload\" src=\"data:image/gif;base64,R0lGODlhAQABAAAAACH5BAEKAAEALAAAAAABAAEAAAICTAEAOw==\"><noscript><img  title=\"Developers@Work\" alt=\"Developers@Work\" data-src=\"https://pbs.twimg.com/profile_images/850312838119739392/HKhZGj9G_normal.jpg\" class=\"lazyload\" src=\"data:image/gif;base64,R0lGODlhAQABAAAAACH5BAEKAAEALAAAAAABAAEAAAICTAEAOw==\"><noscript><img  title=\"Developers@Work\" alt=\"Developers@Work\" data-src=\"https://pbs.twimg.com/profile_images/850312838119739392/HKhZGj9G_normal.jpg\" class=\"lazyload\" src=\"data:image/gif;base64,R0lGODlhAQABAAAAACH5BAEKAAEALAAAAAABAAEAAAICTAEAOw==\"><noscript><img  title=\"Developers', 0, '2020-01-19 16:46:27'),
(37, 9, 34, '@Work\" alt=\"Developers@Work\" data-src=\"https://pbs.twimg.com/profile_images/850312838119739392/HKhZGj9G_normal.jpg\" class=\"lazyload\" src=\"data:image/gif;base64,R0lGODlhAQABAAAAACH5BAEKAAEALAAAAAABAAEAAAICTAEAOw==\"><noscript><img  title=\"Developers@Work\" alt=\"Developers@Work\" data-src=\"https://pbs.twimg.com/profile_images/850312838119739392/HKhZGj9G_normal.jpg\" class=\"lazyload\" src=\"data:image/gif;base64,R0lGODlhAQABAAAAACH5BAEKAAEALAAAAAABAAEAAAICTAEAOw==\"><noscript><img  title=\"Developers@Work\" alt=\"Developers@Work\" data-src=\"https://pbs.twimg.com/profile_images/850312838119739392/HKhZGj9G_normal.jpg\" class=\"lazyload\" src=\"data:image/gif;base64,R0lGODlhAQABAAAAACH5BAEKAAEALAAAAAABAAEAAAICTAEAOw==\"><noscript><img  title=\"Developers@Work\" alt=\"Developers@Work\" data-src=\"https://pbs.twimg.com/profile_images/850312838119739392/HKhZGj9G_normal.jpg\" class=\"lazyload\" src=\"data:image/gif;base64,R0lGODlhAQABAAAAACH5BAEKAAEALAAAAAABAAEAAAICTAEAOw==\"><noscript><img  title=\"Developers@Work\" alt=\"Developers@Work\" data-sr', 0, '2020-01-19 16:46:27'),
(38, 9, 35, 'c=\"https://pbs.twimg.com/profile_images/850312838119739392/HKhZGj9G_normal.jpg\" class=\"lazyload\" src=\"data:image/gif;base64,R0lGODlhAQABAAAAACH5BAEKAAEALAAAAAABAAEAAAICTAEAOw==\"><noscript><img  title=\"Developers@Work\" alt=\"Developers@Work\" data-src=\"https://pbs.twimg.com/profile_images/850312838119739392/HKhZGj9G_normal.jpg\" class=\"lazyload\" src=\"data:image/gif;base64,R0lGODlhAQABAAAAACH5BAEKAAEALAAAAAABAAEAAAICTAEAOw==\"><noscript><img  title=\"Developers@Work\" alt=\"Developers@Work\" data-src=\"https://pbs.twimg.com/profile_images/850312838119739392/HKhZGj9G_normal.jpg\" class=\"lazyload\" src=\"data:image/gif;base64,R0lGODlhAQABAAAAACH5BAEKAAEALAAAAAABAAEAAAICTAEAOw==\"><noscript><img  title=\"Developers@Work\" alt=\"Developers@Work\" data-src=\"https://pbs.twimg.com/profile_images/850312838119739392/HKhZGj9G_normal.jpg\" class=\"lazyload\" src=\"data:image/gif;base64,R0lGODlhAQABAAAAACH5BAEKAAEALAAAAAABAAEAAAICTAEAOw==\"><noscript><img src=\"https://pbs.twimg.com/profile_images/850312838119739392/HKhZGj9G_normal.jpg\" title=\"D', 0, '2020-01-19 16:46:27'),
(39, 9, 37, 'tter\"><div class=\"htmega-twitter-single\"><div class=\"htmega-thumb\"> <a href=\"https://twitter.com/DevelopersWorkY\" target=\"_blank\"> <noscript>', 0, '2020-01-19 16:46:27'),
(40, 11, 0, '<link rel=\"dns-prefetch\" href=\"//v0.wordpress.com\" /><link rel=\"dns-prefetch\" href=\"//widgets.wp.com\" /><link rel=\"dns-prefetch\" href=\"//jetpack.wordpress.com\" /><link rel=\"dns-prefetch\" href=\"//s0.wp.com\" /><link rel=\"dns-prefetch\" href=\"//s1.wp.com\" /><link rel=\"dns-prefetch\" href=\"//s2.wp.com\" /><link rel=\"dns-prefetch\" href=\"//public-api.wordpress.com\" /><link rel=\"dns-prefetch\" href=\"//0.gravatar.com\" /><link rel=\"dns-prefetch\" href=\"//1.gravatar.com\" /><link rel=\"dns-prefetch\" href=\"//2.gravatar.com\" /><style type=\"text/css\">img#wpstats{display:none}</style><style type=\"text/css\">.recentcomments a{display:inline !important;padding:0 !important;margin:0 !important;}</style><link rel=\"amphtml\" href=\"https://developerswork.online/?amp\"><meta property=\"og:type\" content=\"website\" /><meta property=\"og:title\" content=\"Developers@Work\" /><meta property=\"og:description\" content=\"IMPOSSIBLE WILL BE MADE POSSIBLE HERE\" /><meta property=\"og:url\" content=\"https://developerswork.online/\" /><meta property=\"og:site_nam', 0, '2020-01-19 16:51:46'),
(41, 11, 1, 'e\" content=\"Developers@Work\" /><meta property=\"og:image\" content=\"https://developerswork.online/wp-content/uploads/2019/05/mohammed-azim-532012-unsplash.jpg\" /><meta property=\"og:image:width\" content=\"700\" /><meta property=\"og:image:height\" content=\"700\" /><meta property=\"og:locale\" content=\"en_US\" /><meta name=\"twitter:site\" content=\"@developersworky\" /><meta name=\"twitter:text:title\" content=\"Home\" /><meta name=\"twitter:card\" content=\"summary\" /><link rel=\"icon\" href=\"https://developerswork.online/wp-content/uploads/2018/12/cropped-transperentlogo-2-32x32.png\" sizes=\"32x32\" /><link rel=\"icon\" href=\"https://developerswork.online/wp-content/uploads/2018/12/cropped-transperentlogo-2-192x192.png\" sizes=\"192x192\" /><link rel=\"apple-touch-icon-precomposed\" href=\"https://developerswork.online/wp-content/uploads/2018/12/cropped-transperentlogo-2-180x180.png\" /><meta name=\"msapplication-TileImage\" content=\"https://developerswork.online/wp-content/uploads/2018/12/cropped-transperentlogo-2-270x270.png\" /><link rel=\"st', 0, '2020-01-19 16:51:46'),
(42, 11, 2, 'ylesheet\" type=\"text/css\" id=\"wp-custom-css\" href=\"https://developerswork.online/?custom-css=db7ba50349\" /><style>.custom-ad-block{\n    color : #ccc;\n    border : 1px solid black;\n  }</style><style>#logo img{\n            max-width : 100% !important;\n        }</style><meta name=\"google-site-verification\" content=\"EHnz7QqG7p4PVi5q6pyksqpqOzdL1pxlgdrHplX_15k\" /><script data-cfasync=\"false\" id=\"ao_optimized_gfonts_webfontloader\">(function() {var wf = document.createElement(\"script\");wf.src=\"https://ajax.googleapis.com/ajax/libs/webfont/1/webfont.js\";wf.type=\"text/javascript\";wf.async=\"true\";var s=document.getElementsByTagName(\"script\")[0];s.parentNode.insertBefore(wf, s);})();</script></head><body data-rsssl=1 class=\"home page-template-default page page-id-393 wp-custom-logo group-blog sticky-header elementor-default elementor-page elementor-page-393\"><div id=\"header\" class=\"portum-classic header--no-shadow header--has-sticky-logo\"><div class=\"container\"><div class=\"row\"><div class=\"col-xs-12\"><div id=\"logo\"> <a ', 0, '2020-01-19 16:51:46'),
(43, 11, 3, 'href=\"https://developerswork.online/\" class=\"custom-logo-link\" rel=\"home\"><noscript><img width=\"360\" height=\"60\"   alt=\"Developers@Work\" data-srcset=\"https://developerswork.online/wp-content/uploads/2019/03/DESIGNS-Copy.png 360w, https://developerswork.online/wp-content/uploads/2019/03/DESIGNS-Copy-300x50.png 300w, https://developerswork.online/wp-content/uploads/2019/03/DESIGNS-Copy-24x4.png 24w, https://developerswork.online/wp-content/uploads/2019/03/DESIGNS-Copy-36x6.png 36w, https://developerswork.online/wp-content/uploads/2019/03/DESIGNS-Copy-48x8.png 48w\" sizes=\"(max-width: 360px) 100vw, 360px\" data-attachment-id=\"448\" data-permalink=\"https://developerswork.online/designs-copy\" data-orig-file=\"https://developerswork.online/wp-content/uploads/2019/03/DESIGNS-Copy.png\" data-orig-size=\"360,60\" data-comments-opened=\"1\" data-image-meta=\"{&quot;aperture&quot;:&quot;0&quot;,&quot;credit&quot;:&quot;&quot;,&quot;camera&quot;:&quot;&quot;,&quot;caption&quot;:&quot;&quot;,&quot;created_timestamp&quot;:&quot;0&qu', 0, '2020-01-19 16:51:46'),
(44, 11, 4, 'ot;,&quot;copyright&quot;:&quot;&quot;,&quot;focal_length&quot;:&quot;0&quot;,&quot;iso&quot;:&quot;0&quot;,&quot;shutter_speed&quot;:&quot;0&quot;,&quot;title&quot;:&quot;&quot;,&quot;orientation&quot;:&quot;0&quot;}\" data-image-title=\"NAMING 60 HEIGHT\" data-image-description=\"\" data-medium-file=\"https://developerswork.online/wp-content/uploads/2019/03/DESIGNS-Copy-300x50.png\" data-large-file=\"https://developerswork.online/wp-content/uploads/2019/03/DESIGNS-Copy.png\" data-src=\"https://developerswork.online/wp-content/uploads/2019/03/DESIGNS-Copy.png\" class=\"custom-logo lazyload\" src=\"data:image/gif;base64,R0lGODlhAQABAAAAACH5BAEKAAEALAAAAAABAAEAAAICTAEAOw==\" /><noscript><img width=\"360\" height=\"60\" src=\"https://developerswork.online/wp-content/uploads/2019/03/DESIGNS-Copy.png\" class=\"custom-logo\" alt=\"Developers@Work\" srcset=\"https://developerswork.online/wp-content/uploads/2019/03/DESIGNS-Copy.png 360w, https://developerswork.online/wp-content/uploads/2019/03/DESIGNS-Copy-300x50.png 300w, https://developers', 0, '2020-01-19 16:51:46');
INSERT INTO `blog_posts_content` (`map_id`, `post_id`, `post_part`, `post_content`, `post_revision`, `timestamp`) VALUES
(45, 11, 5, 'work.online/wp-content/uploads/2019/03/DESIGNS-Copy-24x4.png 24w, https://developerswork.online/wp-content/uploads/2019/03/DESIGNS-Copy-36x6.png 36w, https://developerswork.online/wp-content/uploads/2019/03/DESIGNS-Copy-48x8.png 48w\" sizes=\"(max-width: 360px) 100vw, 360px\" data-attachment-id=\"448\" data-permalink=\"https://developerswork.online/designs-copy\" data-orig-file=\"https://developerswork.online/wp-content/uploads/2019/03/DESIGNS-Copy.png\" data-orig-size=\"360,60\" data-comments-opened=\"1\" data-image-meta=\"{&quot;aperture&quot;:&quot;0&quot;,&quot;credit&quot;:&quot;&quot;,&quot;camera&quot;:&quot;&quot;,&quot;caption&quot;:&quot;&quot;,&quot;created_timestamp&quot;:&quot;0&quot;,&quot;copyright&quot;:&quot;&quot;,&quot;focal_length&quot;:&quot;0&quot;,&quot;iso&quot;:&quot;0&quot;,&quot;shutter_speed&quot;:&quot;0&quot;,&quot;title&quot;:&quot;&quot;,&quot;orientation&quot;:&quot;0&quot;}\" data-image-title=\"NAMING 60 HEIGHT\" data-image-description=\"\" data-medium-file=\"https://developerswork.online/wp-con', 0, '2020-01-19 16:51:46'),
(46, 11, 6, 'tent/uploads/2019/03/DESIGNS-Copy-300x50.png\" data-large-file=\"https://developerswork.online/wp-content/uploads/2019/03/DESIGNS-Copy.png\" /></noscript></noscript><img width=\"360\" height=\"60\" src=\"data:image/svg+xml,%3Csvg%20xmlns=%22http://www.w3.org/2000/svg%22%20viewBox=%220%200%20360%2060%22%3E%3C/svg%3E\" data-src=\"https://developerswork.online/wp-content/uploads/2019/03/DESIGNS-Copy.png\" class=\"lazyload custom-logo\" alt=\"Developers@Work\" data-srcset=\"https://developerswork.online/wp-content/uploads/2019/03/DESIGNS-Copy.png 360w, https://developerswork.online/wp-content/uploads/2019/03/DESIGNS-Copy-300x50.png 300w, https://developerswork.online/wp-content/uploads/2019/03/DESIGNS-Copy-24x4.png 24w, https://developerswork.online/wp-content/uploads/2019/03/DESIGNS-Copy-36x6.png 36w, https://developerswork.online/wp-content/uploads/2019/03/DESIGNS-Copy-48x8.png 48w\" data-sizes=\"(max-width: 360px) 100vw, 360px\" data-attachment-id=\"448\" data-permalink=\"https://developerswork.online/designs-copy\" data-orig-file=\"', 0, '2020-01-19 16:51:46'),
(47, 11, 7, 'https://developerswork.online/wp-content/uploads/2019/03/DESIGNS-Copy.png\" data-orig-size=\"360,60\" data-comments-opened=\"1\" data-image-meta=\"{&quot;aperture&quot;:&quot;0&quot;,&quot;credit&quot;:&quot;&quot;,&quot;camera&quot;:&quot;&quot;,&quot;caption&quot;:&quot;&quot;,&quot;created_timestamp&quot;:&quot;0&quot;,&quot;copyright&quot;:&quot;&quot;,&quot;focal_length&quot;:&quot;0&quot;,&quot;iso&quot;:&quot;0&quot;,&quot;shutter_speed&quot;:&quot;0&quot;,&quot;title&quot;:&quot;&quot;,&quot;orientation&quot;:&quot;0&quot;}\" data-image-title=\"NAMING 60 HEIGHT\" data-image-description=\"\" data-medium-file=\"https://developerswork.online/wp-content/uploads/2019/03/DESIGNS-Copy-300x50.png\" data-large-file=\"https://developerswork.online/wp-content/uploads/2019/03/DESIGNS-Copy.png\" /></a> <a href=\"https://developerswork.online/\" class=\"custom-logo-link--sticky\" rel=\"home\" itemprop=\"url\"><noscript><img   itemprop=\"logo\" width=\"384\" height=\"64\" alt=\"Developers@Work\" data-src=\"https://developerswork.online/wp-content/', 0, '2020-01-19 16:51:46'),
(48, 11, 8, 'uploads/2019/03/DESIGNS-Copy-64.png\" class=\"custom-logo--sticky lazyload\" src=\"data:image/gif;base64,R0lGODlhAQABAAAAACH5BAEKAAEALAAAAAABAAEAAAICTAEAOw==\" /><noscript><img class=\"custom-logo--sticky\" src=\"https://developerswork.online/wp-content/uploads/2019/03/DESIGNS-Copy-64.png\" itemprop=\"logo\" width=\"384\" height=\"64\" alt=\"Developers@Work\" /></noscript></noscript><img class=\"lazyload custom-logo--sticky\" src=\"data:image/svg+xml,%3Csvg%20xmlns=%22http://www.w3.org/2000/svg%22%20viewBox=%220%200%20384%2064%22%3E%3C/svg%3E\" data-src=\"https://developerswork.online/wp-content/uploads/2019/03/DESIGNS-Copy-64.png\" itemprop=\"logo\" width=\"384\" height=\"64\" alt=\"Developers@Work\" /></a></div><div class=\"portum-menu-icon\"><div class=\"portum-navicon\"></div></div><ul id=\"menu\" class=\"portum-menu fixed\"><li id=\"menu-item-641\" class=\"menu-item menu-item-type-post_type menu-item-object-page menu-item-home current-menu-item page_item page-item-393 current_page_item menu-item-641\"><a href=\"https://developerswork.online/\" aria', 0, '2020-01-19 16:51:46'),
(49, 11, 9, '-current=\"page\">HOME</a></li><li id=\"menu-item-1553\" class=\"menu-item menu-item-type-custom menu-item-object-custom menu-item-has-children menu-item-1553\"><a href=\"#\">WORKS</a><ul class=\"sub-menu\"><li id=\"menu-item-1623\" class=\"menu-item menu-item-type-post_type menu-item-object-page menu-item-1623\"><a href=\"https://developerswork.online/blog\">BLOG</a></li></ul></li><li id=\"menu-item-3448\" class=\"menu-item menu-item-type-custom menu-item-object-custom menu-item-has-children menu-item-3448\"><a href=\"#\">SUPPORT</a><ul class=\"sub-menu\"><li id=\"menu-item-3449\" class=\"menu-item menu-item-type-post_type menu-item-object-page menu-item-3449\"><a href=\"https://developerswork.online/history-of-personal-hardware\">MUSEUM</a></li><li id=\"menu-item-1549\" class=\"menu-item menu-item-type-post_type menu-item-object-page menu-item-1549\"><a href=\"https://developerswork.online/team\">HALL OF FAME</a></li><li id=\"menu-item-180\" class=\"menu-item menu-item-type-custom menu-item-object-custom menu-item-180\"><a href=\"https://www.patre', 0, '2020-01-19 16:51:46'),
(50, 11, 10, 'on.com/join/DevelopersWork?\">PATREON</a></li><li id=\"menu-item-181\" class=\"menu-item menu-item-type-custom menu-item-object-custom menu-item-181\"><a href=\"https://streamlabs.com/developerswork\">STREAMLABS</a></li></ul></li><li id=\"menu-item-634\" class=\"menu-item menu-item-type-post_type menu-item-object-page menu-item-634\"><a href=\"https://developerswork.online/login\">LOGIN</a></li><li id=\"menu-item-1550\" class=\"menu-item menu-item-type-post_type menu-item-object-page menu-item-1550\"><a href=\"https://developerswork.online/register\">REGISTER</a></li></ul></div></div></div></div><div id=\"wrap\"><div id=\"content\" style=\"margin-bottom:1%;\"><div class=\"custom-header\"><div class=\"row\" style=\"display:none;\"><div class=\"col-md-1\"></div><div class=\"col-md-10\"><div class=\"lazyload intro-item\" data-bg=\"https://developerswork.online/wp-content/uploads/2019/02/ChannelArt.png\" style=\"background-image:url(data:image/svg+xml,%3Csvg%20xmlns=%22http://www.w3.org/2000/svg%22%20viewBox=%220%200%20500%20300%22%3E%3C/svg%3E);margin', 0, '2020-01-19 16:51:46'),
(51, 11, 11, '-top:0;\"><h4 style=\"color:white;font-size:25px;\">Home</h4></div></div><div class=\"col-md-1\"></div></div></div><div class=\"container\" style=\"\n max-width:100%;width:100%;\n padding:0;\n margin:0;\"><div class=\"row\"><div class=\"col-sm-12\"><article id=\"post-393\" class=\"post-393 page type-page status-publish hentry\"><div class=\"row\"><div class=\"col-sm-12\"><div class=\"post-content\"><div data-elementor-type=\"wp-page\" data-elementor-id=\"393\" class=\"elementor elementor-393\" data-elementor-settings=\"[]\"><div class=\"elementor-inner\"><div class=\"elementor-section-wrap\"><section class=\"elementor-element elementor-element-ba5d9d3 elementor-section-full_width elementor-section-height-min-height elementor-section-content-bottom animated-slow elementor-section-items-bottom elementor-section-height-default elementor-invisible elementor-section elementor-top-section\" data-id=\"ba5d9d3\" data-element_type=\"section\" data-settings=\"{&quot;background_background&quot;:&quot;classic&quot;,&quot;shape_divider_bottom&quot;:&quot;opacity-til', 0, '2020-01-19 16:51:46'),
(52, 11, 12, 't&quot;,&quot;animation&quot;:&quot;headShake&quot;,&quot;animation_delay&quot;:1500}\"><div class=\"elementor-shape elementor-shape-bottom\" data-negative=\"false\"> <svg xmlns=\"http://www.w3.org/2000/svg\" viewBox=\"0 0 2600 131.1\" preserveAspectRatio=\"none\"> <path class=\"elementor-shape-fill\" d=\"M0 0L2600 0 2600 69.1 0 0z\" /> <path class=\"elementor-shape-fill\" style=\"opacity:0.5\" d=\"M0 0L2600 0 2600 69.1 0 69.1z\" /> <path class=\"elementor-shape-fill\" style=\"opacity:0.25\" d=\"M2600 0L0 0 0 130.1 2600 69.1z\" /> </svg></div><div class=\"elementor-container elementor-column-gap-no\"><div class=\"elementor-row\"><div class=\"elementor-element elementor-element-53a9c37 elementor-column elementor-col-100 elementor-top-column\" data-id=\"53a9c37\" data-element_type=\"column\"><div class=\"elementor-column-wrap  elementor-element-populated\"><div class=\"elementor-widget-wrap\"><section class=\"elementor-element elementor-element-129cf72 elementor-section-full_width elementor-section-height-min-height elementor-section-content-middle ele', 0, '2020-01-19 16:51:46'),
(53, 11, 13, 'mentor-section-height-default elementor-section elementor-inner-section\" data-id=\"129cf72\" data-element_type=\"section\"><div class=\"elementor-container elementor-column-gap-extended\"><div class=\"elementor-row\"><div class=\"elementor-element elementor-element-b4299a1 elementor-column elementor-col-100 elementor-inner-column\" data-id=\"b4299a1\" data-element_type=\"column\"><div class=\"elementor-column-wrap  elementor-element-populated\"><div class=\"elementor-widget-wrap\"><div class=\"elementor-element elementor-element-cc166ba animated-slow elementor-invisible elementor-widget elementor-widget-text-editor\" data-id=\"cc166ba\" data-element_type=\"widget\" data-settings=\"{&quot;_animation&quot;:&quot;slideInDown&quot;}\" data-widget_type=\"text-editor.default\"><div class=\"elementor-widget-container\"><div class=\"elementor-text-editor elementor-clearfix\"><p>Hey Hi there, Welcome to the world of <a href=\"/cdn-cgi/l/email-protection\" class=\"__cf_email__\" data-cfemail=\"ca8eafbcafa6a5baafb8b98a9da5b8a1\">[email&#160;protected]</a></', 0, '2020-01-19 16:51:46'),
(54, 11, 14, 'p></div></div></div></div></div></div></div></div></section></div></div></div></div></div></section><section class=\"elementor-element elementor-element-df1f705 elementor-section-boxed elementor-section-height-default elementor-section-height-default elementor-section elementor-top-section\" data-id=\"df1f705\" data-element_type=\"section\"><div class=\"elementor-container elementor-column-gap-default\"><div class=\"elementor-row\"><div class=\"elementor-element elementor-element-7c59509 elementor-column elementor-col-100 elementor-top-column\" data-id=\"7c59509\" data-element_type=\"column\"><div class=\"elementor-column-wrap  elementor-element-populated\"><div class=\"elementor-widget-wrap\"><div class=\"elementor-element elementor-element-9228a46 elementor-widget elementor-widget-spacer\" data-id=\"9228a46\" data-element_type=\"widget\" data-widget_type=\"spacer.default\"><div class=\"elementor-widget-container\"><div class=\"elementor-spacer\"><div class=\"elementor-spacer-inner\"></div></div></div></div></div></div></div></div></div></se', 0, '2020-01-19 16:51:46'),
(55, 11, 15, 'ction><section class=\"elementor-element elementor-element-ccd9878 elementor-section-boxed elementor-section-height-default elementor-section-height-default elementor-section elementor-top-section\" data-id=\"ccd9878\" data-element_type=\"section\"><div class=\"elementor-container elementor-column-gap-default\"><div class=\"elementor-row\"><div class=\"elementor-element elementor-element-3f00a57 elementor-column elementor-col-100 elementor-top-column\" data-id=\"3f00a57\" data-element_type=\"column\"><div class=\"elementor-column-wrap  elementor-element-populated\"><div class=\"elementor-widget-wrap\"><div class=\"elementor-element elementor-element-545c074 elementor-hidden-desktop elementor-hidden-tablet elementor-widget elementor-widget-alert\" data-id=\"545c074\" data-element_type=\"widget\" data-settings=\"{&quot;_animation_tablet&quot;:&quot;zoomInDown&quot;,&quot;_animation_mobile&quot;:&quot;bounceInUp&quot;}\" data-widget_type=\"alert.default\"><div class=\"elementor-widget-container\"><div class=\"elementor-alert elementor-alert-war', 0, '2020-01-19 16:51:46'),
(56, 11, 16, 'ning\" role=\"alert\"> <span class=\"elementor-alert-title\">Alert</span> <span class=\"elementor-alert-description\">THIS WEBSITE IS DESIGNED FOR 16:9 RESOLUTION SCREENS. USE ANY COMPUTER OR TABLET FOR BEST EXPERIENCE</span> <button type=\"button\" class=\"elementor-alert-dismiss\"> <span aria-hidden=\"true\">&times;</span> <span class=\"elementor-screen-only\">Dismiss alert</span> </button></div></div></div></div></div></div></div></div></section><section class=\"elementor-element elementor-element-578f20b elementor-section-full_width elementor-section-content-middle elementor-section-height-default elementor-section-height-default elementor-section elementor-top-section\" data-id=\"578f20b\" data-element_type=\"section\"><div class=\"elementor-container elementor-column-gap-extended\"><div class=\"elementor-row\"><div class=\"elementor-element elementor-element-7d42953 elementor-column elementor-col-100 elementor-top-column\" data-id=\"7d42953\" data-element_type=\"column\"><div class=\"elementor-column-wrap  elementor-element-populated\"', 0, '2020-01-19 16:51:46'),
(57, 11, 17, '><div class=\"elementor-widget-wrap\"><div class=\"elementor-element elementor-element-cc9c27e animated-slow htmega-title-align-center elementor-invisible elementor-widget elementor-widget-section-title-addons\" data-id=\"cc9c27e\" data-element_type=\"widget\" data-settings=\"{&quot;_animation&quot;:&quot;bounceIn&quot;,&quot;_animation_delay&quot;:500}\" data-widget_type=\"section-title-addons.default\"><div class=\"elementor-widget-container\"><div class=\"htmega-section-title htmega-subtitle-position-bottom title-style-two\"><h2 class=\"section-title-txt\"><a href=\"https://twitter.com/developersworky\" target=\"_blank\">LATEST TWEETS</a></h2><div class=htmega-title-sperator-sec><span class=\"htmega-title-sperator\">&nbsp;</span></div><p class=\"section-subtitle-txt\"><a href=\"https://twitter.com/developersworky\" target=\"_blank\">@DevelopersWorkY</a></p><i aria-hidden=\"true\" class=\"fas fa-pencil-alt\"></i></div></div></div><div class=\"elementor-element elementor-element-d7c1876 animated-slow elementor-invisible elementor-widget eleme', 0, '2020-01-19 16:51:46'),
(58, 11, 18, 'ntor-widget-htmega-twitterfeed-addons\" data-id=\"d7c1876\" data-element_type=\"widget\" data-settings=\"{&quot;_animation&quot;:&quot;jello&quot;}\" data-widget_type=\"htmega-twitterfeed-addons.default\"><div class=\"elementor-widget-container\"><div class=\"htmega-twitter-area htmega-twitter-style-4 htmega-carousel-activation\" data-settings=\"{&quot;arrows&quot;:false,&quot;arrow_prev_txt&quot;:false,&quot;arrow_next_txt&quot;:false,&quot;dots&quot;:false,&quot;autoplay&quot;:true,&quot;autoplay_speed&quot;:1500,&quot;animation_speed&quot;:1000,&quot;pause_on_hover&quot;:false,&quot;center_mode&quot;:true,&quot;center_padding&quot;:0,&quot;display_columns&quot;:4,&quot;scroll_columns&quot;:1,&quot;tablet_width&quot;:1280,&quot;tablet_display_columns&quot;:1,&quot;tablet_scroll_columns&quot;:1,&quot;mobile_width&quot;:720,&quot;mobile_display_columns&quot;:1,&quot;mobile_scroll_columns&quot;:1}\"><div class=\"htmega-twitter\"><div class=\"htmega-twitter-single\"><div class=\"htmega-thumb\"> <a href=\"https://twitter.com/Develope', 0, '2020-01-19 16:51:46'),
(59, 11, 19, 'rsWorkY\" target=\"_blank\"> <noscript><img  title=\"Developers@Work\" alt=\"Developers@Work\" data-src=\"https://pbs.twimg.com/profile_images/850312838119739392/HKhZGj9G_normal.jpg\" class=\"lazyload\" src=\"data:image/gif;base64,R0lGODlhAQABAAAAACH5BAEKAAEALAAAAAABAAEAAAICTAEAOw==\"><noscript><img  title=\"Developers@Work\" alt=\"Developers@Work\" data-src=\"https://pbs.twimg.com/profile_images/850312838119739392/HKhZGj9G_normal.jpg\" class=\"lazyload\" src=\"data:image/gif;base64,R0lGODlhAQABAAAAACH5BAEKAAEALAAAAAABAAEAAAICTAEAOw==\"><noscript><img  title=\"Developers@Work\" alt=\"Developers@Work\" data-src=\"https://pbs.twimg.com/profile_images/850312838119739392/HKhZGj9G_normal.jpg\" class=\"lazyload\" src=\"data:image/gif;base64,R0lGODlhAQABAAAAACH5BAEKAAEALAAAAAABAAEAAAICTAEAOw==\"><noscript><img  title=\"Developers@Work\" alt=\"Developers@Work\" data-src=\"https://pbs.twimg.com/profile_images/850312838119739392/HKhZGj9G_normal.jpg\" class=\"lazyload\" src=\"data:image/gif;base64,R0lGODlhAQABAAAAACH5BAEKAAEALAAAAAABAAEAAAICTAEAOw==\"><noscript>', 0, '2020-01-19 16:51:46'),
(60, 11, 20, '<img  title=\"Developers@Work\" alt=\"Developers@Work\" data-src=\"https://pbs.twimg.com/profile_images/850312838119739392/HKhZGj9G_normal.jpg\" class=\"lazyload\" src=\"data:image/gif;base64,R0lGODlhAQABAAAAACH5BAEKAAEALAAAAAABAAEAAAICTAEAOw==\"><noscript><img  title=\"Developers@Work\" alt=\"Developers@Work\" data-src=\"https://pbs.twimg.com/profile_images/850312838119739392/HKhZGj9G_normal.jpg\" class=\"lazyload\" src=\"data:image/gif;base64,R0lGODlhAQABAAAAACH5BAEKAAEALAAAAAABAAEAAAICTAEAOw==\"><noscript><img  title=\"Developers@Work\" alt=\"Developers@Work\" data-src=\"https://pbs.twimg.com/profile_images/850312838119739392/HKhZGj9G_normal.jpg\" class=\"lazyload\" src=\"data:image/gif;base64,R0lGODlhAQABAAAAACH5BAEKAAEALAAAAAABAAEAAAICTAEAOw==\"><noscript><img  title=\"Developers@Work\" alt=\"Developers@Work\" data-src=\"https://pbs.twimg.com/profile_images/850312838119739392/HKhZGj9G_normal.jpg\" class=\"lazyload\" src=\"data:image/gif;base64,R0lGODlhAQABAAAAACH5BAEKAAEALAAAAAABAAEAAAICTAEAOw==\"><noscript><img  title=\"Developers@Work\" alt=\"D', 0, '2020-01-19 16:51:46'),
(61, 11, 21, 'evelopers@Work\" data-src=\"https://pbs.twimg.com/profile_images/850312838119739392/HKhZGj9G_normal.jpg\" class=\"lazyload\" src=\"data:image/gif;base64,R0lGODlhAQABAAAAACH5BAEKAAEALAAAAAABAAEAAAICTAEAOw==\"><noscript><img  title=\"Developers@Work\" alt=\"Developers@Work\" data-src=\"https://pbs.twimg.com/profile_images/850312838119739392/HKhZGj9G_normal.jpg\" class=\"lazyload\" src=\"data:image/gif;base64,R0lGODlhAQABAAAAACH5BAEKAAEALAAAAAABAAEAAAICTAEAOw==\"><noscript><img  title=\"Developers@Work\" alt=\"Developers@Work\" data-src=\"https://pbs.twimg.com/profile_images/850312838119739392/HKhZGj9G_normal.jpg\" class=\"lazyload\" src=\"data:image/gif;base64,R0lGODlhAQABAAAAACH5BAEKAAEALAAAAAABAAEAAAICTAEAOw==\"><noscript><img  title=\"Developers@Work\" alt=\"Developers@Work\" data-src=\"https://pbs.twimg.com/profile_images/850312838119739392/HKhZGj9G_normal.jpg\" class=\"lazyload\" src=\"data:image/gif;base64,R0lGODlhAQABAAAAACH5BAEKAAEALAAAAAABAAEAAAICTAEAOw==\"><noscript><img  title=\"Developers@Work\" alt=\"Developers@Work\" data-src=\"https://pb', 0, '2020-01-19 16:51:46'),
(62, 11, 22, 's.twimg.com/profile_images/850312838119739392/HKhZGj9G_normal.jpg\" class=\"lazyload\" src=\"data:image/gif;base64,R0lGODlhAQABAAAAACH5BAEKAAEALAAAAAABAAEAAAICTAEAOw==\"><noscript><img  title=\"Developers@Work\" alt=\"Developers@Work\" data-src=\"https://pbs.twimg.com/profile_images/850312838119739392/HKhZGj9G_normal.jpg\" class=\"lazyload\" src=\"data:image/gif;base64,R0lGODlhAQABAAAAACH5BAEKAAEALAAAAAABAAEAAAICTAEAOw==\"><noscript><img  title=\"Developers@Work\" alt=\"Developers@Work\" data-src=\"https://pbs.twimg.com/profile_images/850312838119739392/HKhZGj9G_normal.jpg\" class=\"lazyload\" src=\"data:image/gif;base64,R0lGODlhAQABAAAAACH5BAEKAAEALAAAAAABAAEAAAICTAEAOw==\"><noscript><img  title=\"Developers@Work\" alt=\"Developers@Work\" data-src=\"https://pbs.twimg.com/profile_images/850312838119739392/HKhZGj9G_normal.jpg\" class=\"lazyload\" src=\"data:image/gif;base64,R0lGODlhAQABAAAAACH5BAEKAAEALAAAAAABAAEAAAICTAEAOw==\"><noscript><img  title=\"Developers@Work\" alt=\"Developers@Work\" data-src=\"https://pbs.twimg.com/profile_images/850312838', 0, '2020-01-19 16:51:46'),
(63, 11, 23, '119739392/HKhZGj9G_normal.jpg\" class=\"lazyload\" src=\"data:image/gif;base64,R0lGODlhAQABAAAAACH5BAEKAAEALAAAAAABAAEAAAICTAEAOw==\"><noscript><img  title=\"Developers@Work\" alt=\"Developers@Work\" data-src=\"https://pbs.twimg.com/profile_images/850312838119739392/HKhZGj9G_normal.jpg\" class=\"lazyload\" src=\"data:image/gif;base64,R0lGODlhAQABAAAAACH5BAEKAAEALAAAAAABAAEAAAICTAEAOw==\"><noscript><img  title=\"Developers@Work\" alt=\"Developers@Work\" data-src=\"https://pbs.twimg.com/profile_images/850312838119739392/HKhZGj9G_normal.jpg\" class=\"lazyload\" src=\"data:image/gif;base64,R0lGODlhAQABAAAAACH5BAEKAAEALAAAAAABAAEAAAICTAEAOw==\"><noscript><img  title=\"Developers@Work\" alt=\"Developers@Work\" data-src=\"https://pbs.twimg.com/profile_images/850312838119739392/HKhZGj9G_normal.jpg\" class=\"lazyload\" src=\"data:image/gif;base64,R0lGODlhAQABAAAAACH5BAEKAAEALAAAAAABAAEAAAICTAEAOw==\"><noscript><img src=\"https://pbs.twimg.com/profile_images/850312838119739392/HKhZGj9G_normal.jpg\" title=\"Developers@Work\" alt=\"Developers@Work\"></noscript>', 0, '2020-01-19 16:51:46'),
(64, 11, 24, '</noscript></noscript></noscript></noscript></noscript></noscript></noscript></noscript></noscript></noscript></noscript></noscript></noscript></noscript></noscript></noscript></noscript></noscript></noscript></noscript><img class=\"lazyload\" src=\"data:image/svg+xml,%3Csvg%20xmlns=%22http://www.w3.org/2000/svg%22%20viewBox=%220%200%20%20%22%3E%3C/svg%3E\" data-src=\"https://pbs.twimg.com/profile_images/850312838119739392/HKhZGj9G_normal.jpg\" title=\"Developers@Work\" alt=\"Developers@Work\"> </a></div><div class=\"htmega-content\"><div class=\"htmega-author\"><h6><a href=\"https://twitter.com/DevelopersWorkY\" target=\"_blank\"><span class=\"__cf_email__\" data-cfemail=\"3d79584b5851524d584f4e7d6a524f56\">[email&#160;protected]</span></a></h6> <span class=\"twitter-time\"> 1 hours ago </span></div><p> The Big One for all three including Brad || GTA V MISSIONS  https://t.co/HX9iGnwIsM</p></div></div></div><div class=\"htmega-twitter\"><div class=\"htmega-twitter-single\"><div class=\"htmega-thumb\"> <a href=\"https://twitter.com/Deve', 0, '2020-01-19 16:51:46'),
(65, 11, 25, 'lopersWorkY\" target=\"_blank\"> <noscript><img  title=\"Developers@Work\" alt=\"Developers@Work\" data-src=\"https://pbs.twimg.com/profile_images/850312838119739392/HKhZGj9G_normal.jpg\" class=\"lazyload\" src=\"data:image/gif;base64,R0lGODlhAQABAAAAACH5BAEKAAEALAAAAAABAAEAAAICTAEAOw==\"><noscript><img  title=\"Developers@Work\" alt=\"Developers@Work\" data-src=\"https://pbs.twimg.com/profile_images/850312838119739392/HKhZGj9G_normal.jpg\" class=\"lazyload\" src=\"data:image/gif;base64,R0lGODlhAQABAAAAACH5BAEKAAEALAAAAAABAAEAAAICTAEAOw==\"><noscript><img  title=\"Developers@Work\" alt=\"Developers@Work\" data-src=\"https://pbs.twimg.com/profile_images/850312838119739392/HKhZGj9G_normal.jpg\" class=\"lazyload\" src=\"data:image/gif;base64,R0lGODlhAQABAAAAACH5BAEKAAEALAAAAAABAAEAAAICTAEAOw==\"><noscript><img  title=\"Developers@Work\" alt=\"Developers@Work\" data-src=\"https://pbs.twimg.com/profile_images/850312838119739392/HKhZGj9G_normal.jpg\" class=\"lazyload\" src=\"data:image/gif;base64,R0lGODlhAQABAAAAACH5BAEKAAEALAAAAAABAAEAAAICTAEAOw==\"><noscr', 0, '2020-01-19 16:51:46'),
(66, 11, 26, 'ipt><img  title=\"Developers@Work\" alt=\"Developers@Work\" data-src=\"https://pbs.twimg.com/profile_images/850312838119739392/HKhZGj9G_normal.jpg\" class=\"lazyload\" src=\"data:image/gif;base64,R0lGODlhAQABAAAAACH5BAEKAAEALAAAAAABAAEAAAICTAEAOw==\"><noscript><img  title=\"Developers@Work\" alt=\"Developers@Work\" data-src=\"https://pbs.twimg.com/profile_images/850312838119739392/HKhZGj9G_normal.jpg\" class=\"lazyload\" src=\"data:image/gif;base64,R0lGODlhAQABAAAAACH5BAEKAAEALAAAAAABAAEAAAICTAEAOw==\"><noscript><img  title=\"Developers@Work\" alt=\"Developers@Work\" data-src=\"https://pbs.twimg.com/profile_images/850312838119739392/HKhZGj9G_normal.jpg\" class=\"lazyload\" src=\"data:image/gif;base64,R0lGODlhAQABAAAAACH5BAEKAAEALAAAAAABAAEAAAICTAEAOw==\"><noscript><img  title=\"Developers@Work\" alt=\"Developers@Work\" data-src=\"https://pbs.twimg.com/profile_images/850312838119739392/HKhZGj9G_normal.jpg\" class=\"lazyload\" src=\"data:image/gif;base64,R0lGODlhAQABAAAAACH5BAEKAAEALAAAAAABAAEAAAICTAEAOw==\"><noscript><img  title=\"Developers@Work\" al', 0, '2020-01-19 16:51:46'),
(67, 11, 27, 't=\"Developers@Work\" data-src=\"https://pbs.twimg.com/profile_images/850312838119739392/HKhZGj9G_normal.jpg\" class=\"lazyload\" src=\"data:image/gif;base64,R0lGODlhAQABAAAAACH5BAEKAAEALAAAAAABAAEAAAICTAEAOw==\"><noscript><img  title=\"Developers@Work\" alt=\"Developers@Work\" data-src=\"https://pbs.twimg.com/profile_images/850312838119739392/HKhZGj9G_normal.jpg\" class=\"lazyload\" src=\"data:image/gif;base64,R0lGODlhAQABAAAAACH5BAEKAAEALAAAAAABAAEAAAICTAEAOw==\"><noscript><img  title=\"Developers@Work\" alt=\"Developers@Work\" data-src=\"https://pbs.twimg.com/profile_images/850312838119739392/HKhZGj9G_normal.jpg\" class=\"lazyload\" src=\"data:image/gif;base64,R0lGODlhAQABAAAAACH5BAEKAAEALAAAAAABAAEAAAICTAEAOw==\"><noscript><img  title=\"Developers@Work\" alt=\"Developers@Work\" data-src=\"https://pbs.twimg.com/profile_images/850312838119739392/HKhZGj9G_normal.jpg\" class=\"lazyload\" src=\"data:image/gif;base64,R0lGODlhAQABAAAAACH5BAEKAAEALAAAAAABAAEAAAICTAEAOw==\"><noscript><img  title=\"Developers@Work\" alt=\"Developers@Work\" data-src=\"https:', 0, '2020-01-19 16:51:46'),
(68, 11, 28, '//pbs.twimg.com/profile_images/850312838119739392/HKhZGj9G_normal.jpg\" class=\"lazyload\" src=\"data:image/gif;base64,R0lGODlhAQABAAAAACH5BAEKAAEALAAAAAABAAEAAAICTAEAOw==\"><noscript><img  title=\"Developers@Work\" alt=\"Developers@Work\" data-src=\"https://pbs.twimg.com/profile_images/850312838119739392/HKhZGj9G_normal.jpg\" class=\"lazyload\" src=\"data:image/gif;base64,R0lGODlhAQABAAAAACH5BAEKAAEALAAAAAABAAEAAAICTAEAOw==\"><noscript><img  title=\"Developers@Work\" alt=\"Developers@Work\" data-src=\"https://pbs.twimg.com/profile_images/850312838119739392/HKhZGj9G_normal.jpg\" class=\"lazyload\" src=\"data:image/gif;base64,R0lGODlhAQABAAAAACH5BAEKAAEALAAAAAABAAEAAAICTAEAOw==\"><noscript><img  title=\"Developers@Work\" alt=\"Developers@Work\" data-src=\"https://pbs.twimg.com/profile_images/850312838119739392/HKhZGj9G_normal.jpg\" class=\"lazyload\" src=\"data:image/gif;base64,R0lGODlhAQABAAAAACH5BAEKAAEALAAAAAABAAEAAAICTAEAOw==\"><noscript><img  title=\"Developers@Work\" alt=\"Developers@Work\" data-src=\"https://pbs.twimg.com/profile_images/85031', 0, '2020-01-19 16:51:46'),
(69, 11, 29, '2838119739392/HKhZGj9G_normal.jpg\" class=\"lazyload\" src=\"data:image/gif;base64,R0lGODlhAQABAAAAACH5BAEKAAEALAAAAAABAAEAAAICTAEAOw==\"><noscript><img  title=\"Developers@Work\" alt=\"Developers@Work\" data-src=\"https://pbs.twimg.com/profile_images/850312838119739392/HKhZGj9G_normal.jpg\" class=\"lazyload\" src=\"data:image/gif;base64,R0lGODlhAQABAAAAACH5BAEKAAEALAAAAAABAAEAAAICTAEAOw==\"><noscript><img  title=\"Developers@Work\" alt=\"Developers@Work\" data-src=\"https://pbs.twimg.com/profile_images/850312838119739392/HKhZGj9G_normal.jpg\" class=\"lazyload\" src=\"data:image/gif;base64,R0lGODlhAQABAAAAACH5BAEKAAEALAAAAAABAAEAAAICTAEAOw==\"><noscript><img  title=\"Developers@Work\" alt=\"Developers@Work\" data-src=\"https://pbs.twimg.com/profile_images/850312838119739392/HKhZGj9G_normal.jpg\" class=\"lazyload\" src=\"data:image/gif;base64,R0lGODlhAQABAAAAACH5BAEKAAEALAAAAAABAAEAAAICTAEAOw==\"><noscript><img src=\"https://pbs.twimg.com/profile_images/850312838119739392/HKhZGj9G_normal.jpg\" title=\"Developers@Work\" alt=\"Developers@Work\"></noscr', 0, '2020-01-19 16:51:46'),
(70, 11, 30, 'ipt></noscript></noscript></noscript></noscript></noscript></noscript></noscript></noscript></noscript></noscript></noscript></noscript></noscript></noscript></noscript></noscript></noscript></noscript></noscript></noscript><img class=\"lazyload\" src=\"data:image/svg+xml,%3Csvg%20xmlns=%22http://www.w3.org/2000/svg%22%20viewBox=%220%200%20%20%22%3E%3C/svg%3E\" data-src=\"https://pbs.twimg.com/profile_images/850312838119739392/HKhZGj9G_normal.jpg\" title=\"Developers@Work\" alt=\"Developers@Work\"> </a></div><div class=\"htmega-content\"><div class=\"htmega-author\"><h6><a href=\"https://twitter.com/DevelopersWorkY\" target=\"_blank\"><span class=\"__cf_email__\" data-cfemail=\"01456477646d6e7164737241566e736a\">[email&#160;protected]</span></a></h6> <span class=\"twitter-time\"> 2 days ago </span></div><p> My steam collection with #137 Comment down yours ! #developerswork #gaming #steam #games #gamescollection https://t.co/MFGD3VTj7M</p></div></div></div><div class=\"htmega-twitter\"><div class=\"htmega-twitter-single\"><div class=\"htm', 0, '2020-01-19 16:51:46'),
(71, 11, 31, 'ega-thumb\"> <a href=\"https://twitter.com/DevelopersWorkY\" target=\"_blank\"> <noscript><img  title=\"Developers@Work\" alt=\"Developers@Work\" data-src=\"https://pbs.twimg.com/profile_images/850312838119739392/HKhZGj9G_normal.jpg\" class=\"lazyload\" src=\"data:image/gif;base64,R0lGODlhAQABAAAAACH5BAEKAAEALAAAAAABAAEAAAICTAEAOw==\"><noscript><img  title=\"Developers@Work\" alt=\"Developers@Work\" data-src=\"https://pbs.twimg.com/profile_images/850312838119739392/HKhZGj9G_normal.jpg\" class=\"lazyload\" src=\"data:image/gif;base64,R0lGODlhAQABAAAAACH5BAEKAAEALAAAAAABAAEAAAICTAEAOw==\"><noscript><img  title=\"Developers@Work\" alt=\"Developers@Work\" data-src=\"https://pbs.twimg.com/profile_images/850312838119739392/HKhZGj9G_normal.jpg\" class=\"lazyload\" src=\"data:image/gif;base64,R0lGODlhAQABAAAAACH5BAEKAAEALAAAAAABAAEAAAICTAEAOw==\"><noscript><img  title=\"Developers@Work\" alt=\"Developers@Work\" data-src=\"https://pbs.twimg.com/profile_images/850312838119739392/HKhZGj9G_normal.jpg\" class=\"lazyload\" src=\"data:image/gif;base64,R0lGODlhAQABAAA', 0, '2020-01-19 16:51:46'),
(72, 11, 32, 'AACH5BAEKAAEALAAAAAABAAEAAAICTAEAOw==\"><noscript><img  title=\"Developers@Work\" alt=\"Developers@Work\" data-src=\"https://pbs.twimg.com/profile_images/850312838119739392/HKhZGj9G_normal.jpg\" class=\"lazyload\" src=\"data:image/gif;base64,R0lGODlhAQABAAAAACH5BAEKAAEALAAAAAABAAEAAAICTAEAOw==\"><noscript><img  title=\"Developers@Work\" alt=\"Developers@Work\" data-src=\"https://pbs.twimg.com/profile_images/850312838119739392/HKhZGj9G_normal.jpg\" class=\"lazyload\" src=\"data:image/gif;base64,R0lGODlhAQABAAAAACH5BAEKAAEALAAAAAABAAEAAAICTAEAOw==\"><noscript><img  title=\"Developers@Work\" alt=\"Developers@Work\" data-src=\"https://pbs.twimg.com/profile_images/850312838119739392/HKhZGj9G_normal.jpg\" class=\"lazyload\" src=\"data:image/gif;base64,R0lGODlhAQABAAAAACH5BAEKAAEALAAAAAABAAEAAAICTAEAOw==\"><noscript><img  title=\"Developers@Work\" alt=\"Developers@Work\" data-src=\"https://pbs.twimg.com/profile_images/850312838119739392/HKhZGj9G_normal.jpg\" class=\"lazyload\" src=\"data:image/gif;base64,R0lGODlhAQABAAAAACH5BAEKAAEALAAAAAABAAEAAAICTAEAOw=', 0, '2020-01-19 16:51:46'),
(73, 11, 33, '=\"><noscript><img  title=\"Developers@Work\" alt=\"Developers@Work\" data-src=\"https://pbs.twimg.com/profile_images/850312838119739392/HKhZGj9G_normal.jpg\" class=\"lazyload\" src=\"data:image/gif;base64,R0lGODlhAQABAAAAACH5BAEKAAEALAAAAAABAAEAAAICTAEAOw==\"><noscript><img  title=\"Developers@Work\" alt=\"Developers@Work\" data-src=\"https://pbs.twimg.com/profile_images/850312838119739392/HKhZGj9G_normal.jpg\" class=\"lazyload\" src=\"data:image/gif;base64,R0lGODlhAQABAAAAACH5BAEKAAEALAAAAAABAAEAAAICTAEAOw==\"><noscript><img  title=\"Developers@Work\" alt=\"Developers@Work\" data-src=\"https://pbs.twimg.com/profile_images/850312838119739392/HKhZGj9G_normal.jpg\" class=\"lazyload\" src=\"data:image/gif;base64,R0lGODlhAQABAAAAACH5BAEKAAEALAAAAAABAAEAAAICTAEAOw==\"><noscript><img  title=\"Developers@Work\" alt=\"Developers@Work\" data-src=\"https://pbs.twimg.com/profile_images/850312838119739392/HKhZGj9G_normal.jpg\" class=\"lazyload\" src=\"data:image/gif;base64,R0lGODlhAQABAAAAACH5BAEKAAEALAAAAAABAAEAAAICTAEAOw==\"><noscript><img  title=\"Developers', 0, '2020-01-19 16:51:46'),
(74, 11, 34, '@Work\" alt=\"Developers@Work\" data-src=\"https://pbs.twimg.com/profile_images/850312838119739392/HKhZGj9G_normal.jpg\" class=\"lazyload\" src=\"data:image/gif;base64,R0lGODlhAQABAAAAACH5BAEKAAEALAAAAAABAAEAAAICTAEAOw==\"><noscript><img  title=\"Developers@Work\" alt=\"Developers@Work\" data-src=\"https://pbs.twimg.com/profile_images/850312838119739392/HKhZGj9G_normal.jpg\" class=\"lazyload\" src=\"data:image/gif;base64,R0lGODlhAQABAAAAACH5BAEKAAEALAAAAAABAAEAAAICTAEAOw==\"><noscript><img  title=\"Developers@Work\" alt=\"Developers@Work\" data-src=\"https://pbs.twimg.com/profile_images/850312838119739392/HKhZGj9G_normal.jpg\" class=\"lazyload\" src=\"data:image/gif;base64,R0lGODlhAQABAAAAACH5BAEKAAEALAAAAAABAAEAAAICTAEAOw==\"><noscript><img  title=\"Developers@Work\" alt=\"Developers@Work\" data-src=\"https://pbs.twimg.com/profile_images/850312838119739392/HKhZGj9G_normal.jpg\" class=\"lazyload\" src=\"data:image/gif;base64,R0lGODlhAQABAAAAACH5BAEKAAEALAAAAAABAAEAAAICTAEAOw==\"><noscript><img  title=\"Developers@Work\" alt=\"Developers@Work\" data-sr', 0, '2020-01-19 16:51:46'),
(75, 11, 35, 'c=\"https://pbs.twimg.com/profile_images/850312838119739392/HKhZGj9G_normal.jpg\" class=\"lazyload\" src=\"data:image/gif;base64,R0lGODlhAQABAAAAACH5BAEKAAEALAAAAAABAAEAAAICTAEAOw==\"><noscript><img  title=\"Developers@Work\" alt=\"Developers@Work\" data-src=\"https://pbs.twimg.com/profile_images/850312838119739392/HKhZGj9G_normal.jpg\" class=\"lazyload\" src=\"data:image/gif;base64,R0lGODlhAQABAAAAACH5BAEKAAEALAAAAAABAAEAAAICTAEAOw==\"><noscript><img  title=\"Developers@Work\" alt=\"Developers@Work\" data-src=\"https://pbs.twimg.com/profile_images/850312838119739392/HKhZGj9G_normal.jpg\" class=\"lazyload\" src=\"data:image/gif;base64,R0lGODlhAQABAAAAACH5BAEKAAEALAAAAAABAAEAAAICTAEAOw==\"><noscript><img  title=\"Developers@Work\" alt=\"Developers@Work\" data-src=\"https://pbs.twimg.com/profile_images/850312838119739392/HKhZGj9G_normal.jpg\" class=\"lazyload\" src=\"data:image/gif;base64,R0lGODlhAQABAAAAACH5BAEKAAEALAAAAAABAAEAAAICTAEAOw==\"><noscript><img src=\"https://pbs.twimg.com/profile_images/850312838119739392/HKhZGj9G_normal.jpg\" title=\"D', 0, '2020-01-19 16:51:46'),
(76, 11, 36, 'evelopers@Work\" alt=\"Developers@Work\"></noscript></noscript></noscript></noscript></noscript></noscript></noscript></noscript></noscript></noscript></noscript></noscript></noscript></noscript></noscript></noscript></noscript></noscript></noscript></noscript></noscript><img class=\"lazyload\" src=\"data:image/svg+xml,%3Csvg%20xmlns=%22http://www.w3.org/2000/svg%22%20viewBox=%220%200%20%20%22%3E%3C/svg%3E\" data-src=\"https://pbs.twimg.com/profile_images/850312838119739392/HKhZGj9G_normal.jpg\" title=\"Developers@Work\" alt=\"Developers@Work\"> </a></div><div class=\"htmega-content\"><div class=\"htmega-author\"><h6><a href=\"https://twitter.com/DevelopersWorkY\" target=\"_blank\"><span class=\"__cf_email__\" data-cfemail=\"30745546555c5f4055424370675f425b\">[email&#160;protected]</span></a></h6> <span class=\"twitter-time\"> 16 days ago </span></div><p> RT @Kwebbelkop: The Kwebbelkop team is hiring! Are you interested in editing for a massive YouTube channel? Hit me up! Tweet or email me</p></div></div></div><div class=\"htmega-twi', 0, '2020-01-19 16:51:46'),
(77, 11, 37, 'tter\"><div class=\"htmega-twitter-single\"><div class=\"htmega-thumb\"> <a href=\"https://twitter.com/DevelopersWorkY\" target=\"_blank\"> <noscript>', 0, '2020-01-19 16:51:46'),
(78, 13, 0, '<link rel=\"dns-prefetch\" href=\"//v0.wordpress.com\" /><link rel=\"dns-prefetch\" href=\"//widgets.wp.com\" /><link rel=\"dns-prefetch\" href=\"//jetpack.wordpress.com\" /><link rel=\"dns-prefetch\" href=\"//s0.wp.com\" /><link rel=\"dns-prefetch\" href=\"//s1.wp.com\" /><link rel=\"dns-prefetch\" href=\"//s2.wp.com\" /><link rel=\"dns-prefetch\" href=\"//public-api.wordpress.com\" /><link rel=\"dns-prefetch\" href=\"//0.gravatar.com\" /><link rel=\"dns-prefetch\" href=\"//1.gravatar.com\" /><link rel=\"dns-prefetch\" href=\"//2.gravatar.com\" /><style type=\"text/css\">img#wpstats{display:none}</style><style type=\"text/css\">.recentcomments a{display:inline !important;padding:0 !important;margin:0 !important;}</style><link rel=\"amphtml\" href=\"https://developerswork.online/?amp\"><meta property=\"og:type\" content=\"website\" /><meta property=\"og:title\" content=\"Developers@Work\" /><meta property=\"og:description\" content=\"IMPOSSIBLE WILL BE MADE POSSIBLE HERE\" /><meta property=\"og:url\" content=\"https://developerswork.online/\" /><meta property=\"og:site_nam', 0, '2020-01-19 16:53:13'),
(79, 13, 1, 'e\" content=\"Developers@Work\" /><meta property=\"og:image\" content=\"https://developerswork.online/wp-content/uploads/2019/05/mohammed-azim-532012-unsplash.jpg\" /><meta property=\"og:image:width\" content=\"700\" /><meta property=\"og:image:height\" content=\"700\" /><meta property=\"og:locale\" content=\"en_US\" /><meta name=\"twitter:site\" content=\"@developersworky\" /><meta name=\"twitter:text:title\" content=\"Home\" /><meta name=\"twitter:card\" content=\"summary\" /><link rel=\"icon\" href=\"https://developerswork.online/wp-content/uploads/2018/12/cropped-transperentlogo-2-32x32.png\" sizes=\"32x32\" /><link rel=\"icon\" href=\"https://developerswork.online/wp-content/uploads/2018/12/cropped-transperentlogo-2-192x192.png\" sizes=\"192x192\" /><link rel=\"apple-touch-icon-precomposed\" href=\"https://developerswork.online/wp-content/uploads/2018/12/cropped-transperentlogo-2-180x180.png\" /><meta name=\"msapplication-TileImage\" content=\"https://developerswork.online/wp-content/uploads/2018/12/cropped-transperentlogo-2-270x270.png\" /><link rel=\"st', 0, '2020-01-19 16:53:13'),
(80, 13, 2, 'ylesheet\" type=\"text/css\" id=\"wp-custom-css\" href=\"https://developerswork.online/?custom-css=db7ba50349\" /><style>.custom-ad-block{\n    color : #ccc;\n    border : 1px solid black;\n  }</style><style>#logo img{\n            max-width : 100% !important;\n        }</style><meta name=\"google-site-verification\" content=\"EHnz7QqG7p4PVi5q6pyksqpqOzdL1pxlgdrHplX_15k\" /><script data-cfasync=\"false\" id=\"ao_optimized_gfonts_webfontloader\">(function() {var wf = document.createElement(\"script\");wf.src=\"https://ajax.googleapis.com/ajax/libs/webfont/1/webfont.js\";wf.type=\"text/javascript\";wf.async=\"true\";var s=document.getElementsByTagName(\"script\")[0];s.parentNode.insertBefore(wf, s);})();</script></head><body data-rsssl=1 class=\"home page-template-default page page-id-393 wp-custom-logo group-blog sticky-header elementor-default elementor-page elementor-page-393\"><div id=\"header\" class=\"portum-classic header--no-shadow header--has-sticky-logo\"><div class=\"container\"><div class=\"row\"><div class=\"col-xs-12\"><div id=\"logo\"> <a ', 0, '2020-01-19 16:53:13'),
(81, 13, 3, 'href=\"https://developerswork.online/\" class=\"custom-logo-link\" rel=\"home\"><noscript><img width=\"360\" height=\"60\"   alt=\"Developers@Work\" data-srcset=\"https://developerswork.online/wp-content/uploads/2019/03/DESIGNS-Copy.png 360w, https://developerswork.online/wp-content/uploads/2019/03/DESIGNS-Copy-300x50.png 300w, https://developerswork.online/wp-content/uploads/2019/03/DESIGNS-Copy-24x4.png 24w, https://developerswork.online/wp-content/uploads/2019/03/DESIGNS-Copy-36x6.png 36w, https://developerswork.online/wp-content/uploads/2019/03/DESIGNS-Copy-48x8.png 48w\" sizes=\"(max-width: 360px) 100vw, 360px\" data-attachment-id=\"448\" data-permalink=\"https://developerswork.online/designs-copy\" data-orig-file=\"https://developerswork.online/wp-content/uploads/2019/03/DESIGNS-Copy.png\" data-orig-size=\"360,60\" data-comments-opened=\"1\" data-image-meta=\"{&quot;aperture&quot;:&quot;0&quot;,&quot;credit&quot;:&quot;&quot;,&quot;camera&quot;:&quot;&quot;,&quot;caption&quot;:&quot;&quot;,&quot;created_timestamp&quot;:&quot;0&qu', 0, '2020-01-19 16:53:13'),
(82, 13, 4, 'ot;,&quot;copyright&quot;:&quot;&quot;,&quot;focal_length&quot;:&quot;0&quot;,&quot;iso&quot;:&quot;0&quot;,&quot;shutter_speed&quot;:&quot;0&quot;,&quot;title&quot;:&quot;&quot;,&quot;orientation&quot;:&quot;0&quot;}\" data-image-title=\"NAMING 60 HEIGHT\" data-image-description=\"\" data-medium-file=\"https://developerswork.online/wp-content/uploads/2019/03/DESIGNS-Copy-300x50.png\" data-large-file=\"https://developerswork.online/wp-content/uploads/2019/03/DESIGNS-Copy.png\" data-src=\"https://developerswork.online/wp-content/uploads/2019/03/DESIGNS-Copy.png\" class=\"custom-logo lazyload\" src=\"data:image/gif;base64,R0lGODlhAQABAAAAACH5BAEKAAEALAAAAAABAAEAAAICTAEAOw==\" /><noscript><img width=\"360\" height=\"60\" src=\"https://developerswork.online/wp-content/uploads/2019/03/DESIGNS-Copy.png\" class=\"custom-logo\" alt=\"Developers@Work\" srcset=\"https://developerswork.online/wp-content/uploads/2019/03/DESIGNS-Copy.png 360w, https://developerswork.online/wp-content/uploads/2019/03/DESIGNS-Copy-300x50.png 300w, https://developers', 0, '2020-01-19 16:53:13'),
(83, 13, 5, 'work.online/wp-content/uploads/2019/03/DESIGNS-Copy-24x4.png 24w, https://developerswork.online/wp-content/uploads/2019/03/DESIGNS-Copy-36x6.png 36w, https://developerswork.online/wp-content/uploads/2019/03/DESIGNS-Copy-48x8.png 48w\" sizes=\"(max-width: 360px) 100vw, 360px\" data-attachment-id=\"448\" data-permalink=\"https://developerswork.online/designs-copy\" data-orig-file=\"https://developerswork.online/wp-content/uploads/2019/03/DESIGNS-Copy.png\" data-orig-size=\"360,60\" data-comments-opened=\"1\" data-image-meta=\"{&quot;aperture&quot;:&quot;0&quot;,&quot;credit&quot;:&quot;&quot;,&quot;camera&quot;:&quot;&quot;,&quot;caption&quot;:&quot;&quot;,&quot;created_timestamp&quot;:&quot;0&quot;,&quot;copyright&quot;:&quot;&quot;,&quot;focal_length&quot;:&quot;0&quot;,&quot;iso&quot;:&quot;0&quot;,&quot;shutter_speed&quot;:&quot;0&quot;,&quot;title&quot;:&quot;&quot;,&quot;orientation&quot;:&quot;0&quot;}\" data-image-title=\"NAMING 60 HEIGHT\" data-image-description=\"\" data-medium-file=\"https://developerswork.online/wp-con', 0, '2020-01-19 16:53:13'),
(84, 13, 6, 'tent/uploads/2019/03/DESIGNS-Copy-300x50.png\" data-large-file=\"https://developerswork.online/wp-content/uploads/2019/03/DESIGNS-Copy.png\" /></noscript></noscript><img width=\"360\" height=\"60\" src=\"data:image/svg+xml,%3Csvg%20xmlns=%22http://www.w3.org/2000/svg%22%20viewBox=%220%200%20360%2060%22%3E%3C/svg%3E\" data-src=\"https://developerswork.online/wp-content/uploads/2019/03/DESIGNS-Copy.png\" class=\"lazyload custom-logo\" alt=\"Developers@Work\" data-srcset=\"https://developerswork.online/wp-content/uploads/2019/03/DESIGNS-Copy.png 360w, https://developerswork.online/wp-content/uploads/2019/03/DESIGNS-Copy-300x50.png 300w, https://developerswork.online/wp-content/uploads/2019/03/DESIGNS-Copy-24x4.png 24w, https://developerswork.online/wp-content/uploads/2019/03/DESIGNS-Copy-36x6.png 36w, https://developerswork.online/wp-content/uploads/2019/03/DESIGNS-Copy-48x8.png 48w\" data-sizes=\"(max-width: 360px) 100vw, 360px\" data-attachment-id=\"448\" data-permalink=\"https://developerswork.online/designs-copy\" data-orig-file=\"', 0, '2020-01-19 16:53:13'),
(85, 13, 7, 'https://developerswork.online/wp-content/uploads/2019/03/DESIGNS-Copy.png\" data-orig-size=\"360,60\" data-comments-opened=\"1\" data-image-meta=\"{&quot;aperture&quot;:&quot;0&quot;,&quot;credit&quot;:&quot;&quot;,&quot;camera&quot;:&quot;&quot;,&quot;caption&quot;:&quot;&quot;,&quot;created_timestamp&quot;:&quot;0&quot;,&quot;copyright&quot;:&quot;&quot;,&quot;focal_length&quot;:&quot;0&quot;,&quot;iso&quot;:&quot;0&quot;,&quot;shutter_speed&quot;:&quot;0&quot;,&quot;title&quot;:&quot;&quot;,&quot;orientation&quot;:&quot;0&quot;}\" data-image-title=\"NAMING 60 HEIGHT\" data-image-description=\"\" data-medium-file=\"https://developerswork.online/wp-content/uploads/2019/03/DESIGNS-Copy-300x50.png\" data-large-file=\"https://developerswork.online/wp-content/uploads/2019/03/DESIGNS-Copy.png\" /></a> <a href=\"https://developerswork.online/\" class=\"custom-logo-link--sticky\" rel=\"home\" itemprop=\"url\"><noscript><img   itemprop=\"logo\" width=\"384\" height=\"64\" alt=\"Developers@Work\" data-src=\"https://developerswork.online/wp-content/', 0, '2020-01-19 16:53:13'),
(86, 13, 8, 'uploads/2019/03/DESIGNS-Copy-64.png\" class=\"custom-logo--sticky lazyload\" src=\"data:image/gif;base64,R0lGODlhAQABAAAAACH5BAEKAAEALAAAAAABAAEAAAICTAEAOw==\" /><noscript><img class=\"custom-logo--sticky\" src=\"https://developerswork.online/wp-content/uploads/2019/03/DESIGNS-Copy-64.png\" itemprop=\"logo\" width=\"384\" height=\"64\" alt=\"Developers@Work\" /></noscript></noscript><img class=\"lazyload custom-logo--sticky\" src=\"data:image/svg+xml,%3Csvg%20xmlns=%22http://www.w3.org/2000/svg%22%20viewBox=%220%200%20384%2064%22%3E%3C/svg%3E\" data-src=\"https://developerswork.online/wp-content/uploads/2019/03/DESIGNS-Copy-64.png\" itemprop=\"logo\" width=\"384\" height=\"64\" alt=\"Developers@Work\" /></a></div><div class=\"portum-menu-icon\"><div class=\"portum-navicon\"></div></div><ul id=\"menu\" class=\"portum-menu fixed\"><li id=\"menu-item-641\" class=\"menu-item menu-item-type-post_type menu-item-object-page menu-item-home current-menu-item page_item page-item-393 current_page_item menu-item-641\"><a href=\"https://developerswork.online/\" aria', 0, '2020-01-19 16:53:13'),
(87, 13, 9, '-current=\"page\">HOME</a></li><li id=\"menu-item-1553\" class=\"menu-item menu-item-type-custom menu-item-object-custom menu-item-has-children menu-item-1553\"><a href=\"#\">WORKS</a><ul class=\"sub-menu\"><li id=\"menu-item-1623\" class=\"menu-item menu-item-type-post_type menu-item-object-page menu-item-1623\"><a href=\"https://developerswork.online/blog\">BLOG</a></li></ul></li><li id=\"menu-item-3448\" class=\"menu-item menu-item-type-custom menu-item-object-custom menu-item-has-children menu-item-3448\"><a href=\"#\">SUPPORT</a><ul class=\"sub-menu\"><li id=\"menu-item-3449\" class=\"menu-item menu-item-type-post_type menu-item-object-page menu-item-3449\"><a href=\"https://developerswork.online/history-of-personal-hardware\">MUSEUM</a></li><li id=\"menu-item-1549\" class=\"menu-item menu-item-type-post_type menu-item-object-page menu-item-1549\"><a href=\"https://developerswork.online/team\">HALL OF FAME</a></li><li id=\"menu-item-180\" class=\"menu-item menu-item-type-custom menu-item-object-custom menu-item-180\"><a href=\"https://www.patre', 0, '2020-01-19 16:53:13'),
(88, 13, 10, 'on.com/join/DevelopersWork?\">PATREON</a></li><li id=\"menu-item-181\" class=\"menu-item menu-item-type-custom menu-item-object-custom menu-item-181\"><a href=\"https://streamlabs.com/developerswork\">STREAMLABS</a></li></ul></li><li id=\"menu-item-634\" class=\"menu-item menu-item-type-post_type menu-item-object-page menu-item-634\"><a href=\"https://developerswork.online/login\">LOGIN</a></li><li id=\"menu-item-1550\" class=\"menu-item menu-item-type-post_type menu-item-object-page menu-item-1550\"><a href=\"https://developerswork.online/register\">REGISTER</a></li></ul></div></div></div></div><div id=\"wrap\"><div id=\"content\" style=\"margin-bottom:1%;\"><div class=\"custom-header\"><div class=\"row\" style=\"display:none;\"><div class=\"col-md-1\"></div><div class=\"col-md-10\"><div class=\"lazyload intro-item\" data-bg=\"https://developerswork.online/wp-content/uploads/2019/02/ChannelArt.png\" style=\"background-image:url(data:image/svg+xml,%3Csvg%20xmlns=%22http://www.w3.org/2000/svg%22%20viewBox=%220%200%20500%20300%22%3E%3C/svg%3E);margin', 0, '2020-01-19 16:53:13'),
(89, 13, 11, '-top:0;\"><h4 style=\"color:white;font-size:25px;\">Home</h4></div></div><div class=\"col-md-1\"></div></div></div><div class=\"container\" style=\"\n max-width:100%;width:100%;\n padding:0;\n margin:0;\"><div class=\"row\"><div class=\"col-sm-12\"><article id=\"post-393\" class=\"post-393 page type-page status-publish hentry\"><div class=\"row\"><div class=\"col-sm-12\"><div class=\"post-content\"><div data-elementor-type=\"wp-page\" data-elementor-id=\"393\" class=\"elementor elementor-393\" data-elementor-settings=\"[]\"><div class=\"elementor-inner\"><div class=\"elementor-section-wrap\"><section class=\"elementor-element elementor-element-ba5d9d3 elementor-section-full_width elementor-section-height-min-height elementor-section-content-bottom animated-slow elementor-section-items-bottom elementor-section-height-default elementor-invisible elementor-section elementor-top-section\" data-id=\"ba5d9d3\" data-element_type=\"section\" data-settings=\"{&quot;background_background&quot;:&quot;classic&quot;,&quot;shape_divider_bottom&quot;:&quot;opacity-til', 0, '2020-01-19 16:53:13'),
(90, 13, 12, 't&quot;,&quot;animation&quot;:&quot;headShake&quot;,&quot;animation_delay&quot;:1500}\"><div class=\"elementor-shape elementor-shape-bottom\" data-negative=\"false\"> <svg xmlns=\"http://www.w3.org/2000/svg\" viewBox=\"0 0 2600 131.1\" preserveAspectRatio=\"none\"> <path class=\"elementor-shape-fill\" d=\"M0 0L2600 0 2600 69.1 0 0z\" /> <path class=\"elementor-shape-fill\" style=\"opacity:0.5\" d=\"M0 0L2600 0 2600 69.1 0 69.1z\" /> <path class=\"elementor-shape-fill\" style=\"opacity:0.25\" d=\"M2600 0L0 0 0 130.1 2600 69.1z\" /> </svg></div><div class=\"elementor-container elementor-column-gap-no\"><div class=\"elementor-row\"><div class=\"elementor-element elementor-element-53a9c37 elementor-column elementor-col-100 elementor-top-column\" data-id=\"53a9c37\" data-element_type=\"column\"><div class=\"elementor-column-wrap  elementor-element-populated\"><div class=\"elementor-widget-wrap\"><section class=\"elementor-element elementor-element-129cf72 elementor-section-full_width elementor-section-height-min-height elementor-section-content-middle ele', 0, '2020-01-19 16:53:13');
INSERT INTO `blog_posts_content` (`map_id`, `post_id`, `post_part`, `post_content`, `post_revision`, `timestamp`) VALUES
(91, 13, 13, 'mentor-section-height-default elementor-section elementor-inner-section\" data-id=\"129cf72\" data-element_type=\"section\"><div class=\"elementor-container elementor-column-gap-extended\"><div class=\"elementor-row\"><div class=\"elementor-element elementor-element-b4299a1 elementor-column elementor-col-100 elementor-inner-column\" data-id=\"b4299a1\" data-element_type=\"column\"><div class=\"elementor-column-wrap  elementor-element-populated\"><div class=\"elementor-widget-wrap\"><div class=\"elementor-element elementor-element-cc166ba animated-slow elementor-invisible elementor-widget elementor-widget-text-editor\" data-id=\"cc166ba\" data-element_type=\"widget\" data-settings=\"{&quot;_animation&quot;:&quot;slideInDown&quot;}\" data-widget_type=\"text-editor.default\"><div class=\"elementor-widget-container\"><div class=\"elementor-text-editor elementor-clearfix\"><p>Hey Hi there, Welcome to the world of <a href=\"/cdn-cgi/l/email-protection\" class=\"__cf_email__\" data-cfemail=\"ca8eafbcafa6a5baafb8b98a9da5b8a1\">[email&#160;protected]</a></', 0, '2020-01-19 16:53:13'),
(92, 13, 14, 'p></div></div></div></div></div></div></div></div></section></div></div></div></div></div></section><section class=\"elementor-element elementor-element-df1f705 elementor-section-boxed elementor-section-height-default elementor-section-height-default elementor-section elementor-top-section\" data-id=\"df1f705\" data-element_type=\"section\"><div class=\"elementor-container elementor-column-gap-default\"><div class=\"elementor-row\"><div class=\"elementor-element elementor-element-7c59509 elementor-column elementor-col-100 elementor-top-column\" data-id=\"7c59509\" data-element_type=\"column\"><div class=\"elementor-column-wrap  elementor-element-populated\"><div class=\"elementor-widget-wrap\"><div class=\"elementor-element elementor-element-9228a46 elementor-widget elementor-widget-spacer\" data-id=\"9228a46\" data-element_type=\"widget\" data-widget_type=\"spacer.default\"><div class=\"elementor-widget-container\"><div class=\"elementor-spacer\"><div class=\"elementor-spacer-inner\"></div></div></div></div></div></div></div></div></div></se', 0, '2020-01-19 16:53:13'),
(93, 13, 15, 'ction><section class=\"elementor-element elementor-element-ccd9878 elementor-section-boxed elementor-section-height-default elementor-section-height-default elementor-section elementor-top-section\" data-id=\"ccd9878\" data-element_type=\"section\"><div class=\"elementor-container elementor-column-gap-default\"><div class=\"elementor-row\"><div class=\"elementor-element elementor-element-3f00a57 elementor-column elementor-col-100 elementor-top-column\" data-id=\"3f00a57\" data-element_type=\"column\"><div class=\"elementor-column-wrap  elementor-element-populated\"><div class=\"elementor-widget-wrap\"><div class=\"elementor-element elementor-element-545c074 elementor-hidden-desktop elementor-hidden-tablet elementor-widget elementor-widget-alert\" data-id=\"545c074\" data-element_type=\"widget\" data-settings=\"{&quot;_animation_tablet&quot;:&quot;zoomInDown&quot;,&quot;_animation_mobile&quot;:&quot;bounceInUp&quot;}\" data-widget_type=\"alert.default\"><div class=\"elementor-widget-container\"><div class=\"elementor-alert elementor-alert-war', 0, '2020-01-19 16:53:13'),
(94, 13, 16, 'ning\" role=\"alert\"> <span class=\"elementor-alert-title\">Alert</span> <span class=\"elementor-alert-description\">THIS WEBSITE IS DESIGNED FOR 16:9 RESOLUTION SCREENS. USE ANY COMPUTER OR TABLET FOR BEST EXPERIENCE</span> <button type=\"button\" class=\"elementor-alert-dismiss\"> <span aria-hidden=\"true\">&times;</span> <span class=\"elementor-screen-only\">Dismiss alert</span> </button></div></div></div></div></div></div></div></div></section><section class=\"elementor-element elementor-element-578f20b elementor-section-full_width elementor-section-content-middle elementor-section-height-default elementor-section-height-default elementor-section elementor-top-section\" data-id=\"578f20b\" data-element_type=\"section\"><div class=\"elementor-container elementor-column-gap-extended\"><div class=\"elementor-row\"><div class=\"elementor-element elementor-element-7d42953 elementor-column elementor-col-100 elementor-top-column\" data-id=\"7d42953\" data-element_type=\"column\"><div class=\"elementor-column-wrap  elementor-element-populated\"', 0, '2020-01-19 16:53:13'),
(95, 13, 17, '><div class=\"elementor-widget-wrap\"><div class=\"elementor-element elementor-element-cc9c27e animated-slow htmega-title-align-center elementor-invisible elementor-widget elementor-widget-section-title-addons\" data-id=\"cc9c27e\" data-element_type=\"widget\" data-settings=\"{&quot;_animation&quot;:&quot;bounceIn&quot;,&quot;_animation_delay&quot;:500}\" data-widget_type=\"section-title-addons.default\"><div class=\"elementor-widget-container\"><div class=\"htmega-section-title htmega-subtitle-position-bottom title-style-two\"><h2 class=\"section-title-txt\"><a href=\"https://twitter.com/developersworky\" target=\"_blank\">LATEST TWEETS</a></h2><div class=htmega-title-sperator-sec><span class=\"htmega-title-sperator\">&nbsp;</span></div><p class=\"section-subtitle-txt\"><a href=\"https://twitter.com/developersworky\" target=\"_blank\">@DevelopersWorkY</a></p><i aria-hidden=\"true\" class=\"fas fa-pencil-alt\"></i></div></div></div><div class=\"elementor-element elementor-element-d7c1876 animated-slow elementor-invisible elementor-widget eleme', 0, '2020-01-19 16:53:13'),
(96, 13, 18, 'ntor-widget-htmega-twitterfeed-addons\" data-id=\"d7c1876\" data-element_type=\"widget\" data-settings=\"{&quot;_animation&quot;:&quot;jello&quot;}\" data-widget_type=\"htmega-twitterfeed-addons.default\"><div class=\"elementor-widget-container\"><div class=\"htmega-twitter-area htmega-twitter-style-4 htmega-carousel-activation\" data-settings=\"{&quot;arrows&quot;:false,&quot;arrow_prev_txt&quot;:false,&quot;arrow_next_txt&quot;:false,&quot;dots&quot;:false,&quot;autoplay&quot;:true,&quot;autoplay_speed&quot;:1500,&quot;animation_speed&quot;:1000,&quot;pause_on_hover&quot;:false,&quot;center_mode&quot;:true,&quot;center_padding&quot;:0,&quot;display_columns&quot;:4,&quot;scroll_columns&quot;:1,&quot;tablet_width&quot;:1280,&quot;tablet_display_columns&quot;:1,&quot;tablet_scroll_columns&quot;:1,&quot;mobile_width&quot;:720,&quot;mobile_display_columns&quot;:1,&quot;mobile_scroll_columns&quot;:1}\"><div class=\"htmega-twitter\"><div class=\"htmega-twitter-single\"><div class=\"htmega-thumb\"> <a href=\"https://twitter.com/Develope', 0, '2020-01-19 16:53:13'),
(97, 13, 19, 'rsWorkY\" target=\"_blank\"> <noscript><img  title=\"Developers@Work\" alt=\"Developers@Work\" data-src=\"https://pbs.twimg.com/profile_images/850312838119739392/HKhZGj9G_normal.jpg\" class=\"lazyload\" src=\"data:image/gif;base64,R0lGODlhAQABAAAAACH5BAEKAAEALAAAAAABAAEAAAICTAEAOw==\"><noscript><img  title=\"Developers@Work\" alt=\"Developers@Work\" data-src=\"https://pbs.twimg.com/profile_images/850312838119739392/HKhZGj9G_normal.jpg\" class=\"lazyload\" src=\"data:image/gif;base64,R0lGODlhAQABAAAAACH5BAEKAAEALAAAAAABAAEAAAICTAEAOw==\"><noscript><img  title=\"Developers@Work\" alt=\"Developers@Work\" data-src=\"https://pbs.twimg.com/profile_images/850312838119739392/HKhZGj9G_normal.jpg\" class=\"lazyload\" src=\"data:image/gif;base64,R0lGODlhAQABAAAAACH5BAEKAAEALAAAAAABAAEAAAICTAEAOw==\"><noscript><img  title=\"Developers@Work\" alt=\"Developers@Work\" data-src=\"https://pbs.twimg.com/profile_images/850312838119739392/HKhZGj9G_normal.jpg\" class=\"lazyload\" src=\"data:image/gif;base64,R0lGODlhAQABAAAAACH5BAEKAAEALAAAAAABAAEAAAICTAEAOw==\"><noscript>', 0, '2020-01-19 16:53:13'),
(98, 13, 20, '<img  title=\"Developers@Work\" alt=\"Developers@Work\" data-src=\"https://pbs.twimg.com/profile_images/850312838119739392/HKhZGj9G_normal.jpg\" class=\"lazyload\" src=\"data:image/gif;base64,R0lGODlhAQABAAAAACH5BAEKAAEALAAAAAABAAEAAAICTAEAOw==\"><noscript><img  title=\"Developers@Work\" alt=\"Developers@Work\" data-src=\"https://pbs.twimg.com/profile_images/850312838119739392/HKhZGj9G_normal.jpg\" class=\"lazyload\" src=\"data:image/gif;base64,R0lGODlhAQABAAAAACH5BAEKAAEALAAAAAABAAEAAAICTAEAOw==\"><noscript><img  title=\"Developers@Work\" alt=\"Developers@Work\" data-src=\"https://pbs.twimg.com/profile_images/850312838119739392/HKhZGj9G_normal.jpg\" class=\"lazyload\" src=\"data:image/gif;base64,R0lGODlhAQABAAAAACH5BAEKAAEALAAAAAABAAEAAAICTAEAOw==\"><noscript><img  title=\"Developers@Work\" alt=\"Developers@Work\" data-src=\"https://pbs.twimg.com/profile_images/850312838119739392/HKhZGj9G_normal.jpg\" class=\"lazyload\" src=\"data:image/gif;base64,R0lGODlhAQABAAAAACH5BAEKAAEALAAAAAABAAEAAAICTAEAOw==\"><noscript><img  title=\"Developers@Work\" alt=\"D', 0, '2020-01-19 16:53:13'),
(99, 13, 21, 'evelopers@Work\" data-src=\"https://pbs.twimg.com/profile_images/850312838119739392/HKhZGj9G_normal.jpg\" class=\"lazyload\" src=\"data:image/gif;base64,R0lGODlhAQABAAAAACH5BAEKAAEALAAAAAABAAEAAAICTAEAOw==\"><noscript><img  title=\"Developers@Work\" alt=\"Developers@Work\" data-src=\"https://pbs.twimg.com/profile_images/850312838119739392/HKhZGj9G_normal.jpg\" class=\"lazyload\" src=\"data:image/gif;base64,R0lGODlhAQABAAAAACH5BAEKAAEALAAAAAABAAEAAAICTAEAOw==\"><noscript><img  title=\"Developers@Work\" alt=\"Developers@Work\" data-src=\"https://pbs.twimg.com/profile_images/850312838119739392/HKhZGj9G_normal.jpg\" class=\"lazyload\" src=\"data:image/gif;base64,R0lGODlhAQABAAAAACH5BAEKAAEALAAAAAABAAEAAAICTAEAOw==\"><noscript><img  title=\"Developers@Work\" alt=\"Developers@Work\" data-src=\"https://pbs.twimg.com/profile_images/850312838119739392/HKhZGj9G_normal.jpg\" class=\"lazyload\" src=\"data:image/gif;base64,R0lGODlhAQABAAAAACH5BAEKAAEALAAAAAABAAEAAAICTAEAOw==\"><noscript><img  title=\"Developers@Work\" alt=\"Developers@Work\" data-src=\"https://pb', 0, '2020-01-19 16:53:13'),
(100, 13, 22, 's.twimg.com/profile_images/850312838119739392/HKhZGj9G_normal.jpg\" class=\"lazyload\" src=\"data:image/gif;base64,R0lGODlhAQABAAAAACH5BAEKAAEALAAAAAABAAEAAAICTAEAOw==\"><noscript><img  title=\"Developers@Work\" alt=\"Developers@Work\" data-src=\"https://pbs.twimg.com/profile_images/850312838119739392/HKhZGj9G_normal.jpg\" class=\"lazyload\" src=\"data:image/gif;base64,R0lGODlhAQABAAAAACH5BAEKAAEALAAAAAABAAEAAAICTAEAOw==\"><noscript><img  title=\"Developers@Work\" alt=\"Developers@Work\" data-src=\"https://pbs.twimg.com/profile_images/850312838119739392/HKhZGj9G_normal.jpg\" class=\"lazyload\" src=\"data:image/gif;base64,R0lGODlhAQABAAAAACH5BAEKAAEALAAAAAABAAEAAAICTAEAOw==\"><noscript><img  title=\"Developers@Work\" alt=\"Developers@Work\" data-src=\"https://pbs.twimg.com/profile_images/850312838119739392/HKhZGj9G_normal.jpg\" class=\"lazyload\" src=\"data:image/gif;base64,R0lGODlhAQABAAAAACH5BAEKAAEALAAAAAABAAEAAAICTAEAOw==\"><noscript><img  title=\"Developers@Work\" alt=\"Developers@Work\" data-src=\"https://pbs.twimg.com/profile_images/850312838', 0, '2020-01-19 16:53:13'),
(101, 13, 23, '119739392/HKhZGj9G_normal.jpg\" class=\"lazyload\" src=\"data:image/gif;base64,R0lGODlhAQABAAAAACH5BAEKAAEALAAAAAABAAEAAAICTAEAOw==\"><noscript><img  title=\"Developers@Work\" alt=\"Developers@Work\" data-src=\"https://pbs.twimg.com/profile_images/850312838119739392/HKhZGj9G_normal.jpg\" class=\"lazyload\" src=\"data:image/gif;base64,R0lGODlhAQABAAAAACH5BAEKAAEALAAAAAABAAEAAAICTAEAOw==\"><noscript><img  title=\"Developers@Work\" alt=\"Developers@Work\" data-src=\"https://pbs.twimg.com/profile_images/850312838119739392/HKhZGj9G_normal.jpg\" class=\"lazyload\" src=\"data:image/gif;base64,R0lGODlhAQABAAAAACH5BAEKAAEALAAAAAABAAEAAAICTAEAOw==\"><noscript><img  title=\"Developers@Work\" alt=\"Developers@Work\" data-src=\"https://pbs.twimg.com/profile_images/850312838119739392/HKhZGj9G_normal.jpg\" class=\"lazyload\" src=\"data:image/gif;base64,R0lGODlhAQABAAAAACH5BAEKAAEALAAAAAABAAEAAAICTAEAOw==\"><noscript><img src=\"https://pbs.twimg.com/profile_images/850312838119739392/HKhZGj9G_normal.jpg\" title=\"Developers@Work\" alt=\"Developers@Work\"></noscript>', 0, '2020-01-19 16:53:13'),
(102, 13, 24, '</noscript></noscript></noscript></noscript></noscript></noscript></noscript></noscript></noscript></noscript></noscript></noscript></noscript></noscript></noscript></noscript></noscript></noscript></noscript></noscript><img class=\"lazyload\" src=\"data:image/svg+xml,%3Csvg%20xmlns=%22http://www.w3.org/2000/svg%22%20viewBox=%220%200%20%20%22%3E%3C/svg%3E\" data-src=\"https://pbs.twimg.com/profile_images/850312838119739392/HKhZGj9G_normal.jpg\" title=\"Developers@Work\" alt=\"Developers@Work\"> </a></div><div class=\"htmega-content\"><div class=\"htmega-author\"><h6><a href=\"https://twitter.com/DevelopersWorkY\" target=\"_blank\"><span class=\"__cf_email__\" data-cfemail=\"3d79584b5851524d584f4e7d6a524f56\">[email&#160;protected]</span></a></h6> <span class=\"twitter-time\"> 1 hours ago </span></div><p> The Big One for all three including Brad || GTA V MISSIONS  https://t.co/HX9iGnwIsM</p></div></div></div><div class=\"htmega-twitter\"><div class=\"htmega-twitter-single\"><div class=\"htmega-thumb\"> <a href=\"https://twitter.com/Deve', 0, '2020-01-19 16:53:13'),
(103, 13, 25, 'lopersWorkY\" target=\"_blank\"> <noscript><img  title=\"Developers@Work\" alt=\"Developers@Work\" data-src=\"https://pbs.twimg.com/profile_images/850312838119739392/HKhZGj9G_normal.jpg\" class=\"lazyload\" src=\"data:image/gif;base64,R0lGODlhAQABAAAAACH5BAEKAAEALAAAAAABAAEAAAICTAEAOw==\"><noscript><img  title=\"Developers@Work\" alt=\"Developers@Work\" data-src=\"https://pbs.twimg.com/profile_images/850312838119739392/HKhZGj9G_normal.jpg\" class=\"lazyload\" src=\"data:image/gif;base64,R0lGODlhAQABAAAAACH5BAEKAAEALAAAAAABAAEAAAICTAEAOw==\"><noscript><img  title=\"Developers@Work\" alt=\"Developers@Work\" data-src=\"https://pbs.twimg.com/profile_images/850312838119739392/HKhZGj9G_normal.jpg\" class=\"lazyload\" src=\"data:image/gif;base64,R0lGODlhAQABAAAAACH5BAEKAAEALAAAAAABAAEAAAICTAEAOw==\"><noscript><img  title=\"Developers@Work\" alt=\"Developers@Work\" data-src=\"https://pbs.twimg.com/profile_images/850312838119739392/HKhZGj9G_normal.jpg\" class=\"lazyload\" src=\"data:image/gif;base64,R0lGODlhAQABAAAAACH5BAEKAAEALAAAAAABAAEAAAICTAEAOw==\"><noscr', 0, '2020-01-19 16:53:13'),
(104, 13, 26, 'ipt><img  title=\"Developers@Work\" alt=\"Developers@Work\" data-src=\"https://pbs.twimg.com/profile_images/850312838119739392/HKhZGj9G_normal.jpg\" class=\"lazyload\" src=\"data:image/gif;base64,R0lGODlhAQABAAAAACH5BAEKAAEALAAAAAABAAEAAAICTAEAOw==\"><noscript><img  title=\"Developers@Work\" alt=\"Developers@Work\" data-src=\"https://pbs.twimg.com/profile_images/850312838119739392/HKhZGj9G_normal.jpg\" class=\"lazyload\" src=\"data:image/gif;base64,R0lGODlhAQABAAAAACH5BAEKAAEALAAAAAABAAEAAAICTAEAOw==\"><noscript><img  title=\"Developers@Work\" alt=\"Developers@Work\" data-src=\"https://pbs.twimg.com/profile_images/850312838119739392/HKhZGj9G_normal.jpg\" class=\"lazyload\" src=\"data:image/gif;base64,R0lGODlhAQABAAAAACH5BAEKAAEALAAAAAABAAEAAAICTAEAOw==\"><noscript><img  title=\"Developers@Work\" alt=\"Developers@Work\" data-src=\"https://pbs.twimg.com/profile_images/850312838119739392/HKhZGj9G_normal.jpg\" class=\"lazyload\" src=\"data:image/gif;base64,R0lGODlhAQABAAAAACH5BAEKAAEALAAAAAABAAEAAAICTAEAOw==\"><noscript><img  title=\"Developers@Work\" al', 0, '2020-01-19 16:53:13'),
(105, 13, 27, 't=\"Developers@Work\" data-src=\"https://pbs.twimg.com/profile_images/850312838119739392/HKhZGj9G_normal.jpg\" class=\"lazyload\" src=\"data:image/gif;base64,R0lGODlhAQABAAAAACH5BAEKAAEALAAAAAABAAEAAAICTAEAOw==\"><noscript><img  title=\"Developers@Work\" alt=\"Developers@Work\" data-src=\"https://pbs.twimg.com/profile_images/850312838119739392/HKhZGj9G_normal.jpg\" class=\"lazyload\" src=\"data:image/gif;base64,R0lGODlhAQABAAAAACH5BAEKAAEALAAAAAABAAEAAAICTAEAOw==\"><noscript><img  title=\"Developers@Work\" alt=\"Developers@Work\" data-src=\"https://pbs.twimg.com/profile_images/850312838119739392/HKhZGj9G_normal.jpg\" class=\"lazyload\" src=\"data:image/gif;base64,R0lGODlhAQABAAAAACH5BAEKAAEALAAAAAABAAEAAAICTAEAOw==\"><noscript><img  title=\"Developers@Work\" alt=\"Developers@Work\" data-src=\"https://pbs.twimg.com/profile_images/850312838119739392/HKhZGj9G_normal.jpg\" class=\"lazyload\" src=\"data:image/gif;base64,R0lGODlhAQABAAAAACH5BAEKAAEALAAAAAABAAEAAAICTAEAOw==\"><noscript><img  title=\"Developers@Work\" alt=\"Developers@Work\" data-src=\"https:', 0, '2020-01-19 16:53:13'),
(106, 13, 28, '//pbs.twimg.com/profile_images/850312838119739392/HKhZGj9G_normal.jpg\" class=\"lazyload\" src=\"data:image/gif;base64,R0lGODlhAQABAAAAACH5BAEKAAEALAAAAAABAAEAAAICTAEAOw==\"><noscript><img  title=\"Developers@Work\" alt=\"Developers@Work\" data-src=\"https://pbs.twimg.com/profile_images/850312838119739392/HKhZGj9G_normal.jpg\" class=\"lazyload\" src=\"data:image/gif;base64,R0lGODlhAQABAAAAACH5BAEKAAEALAAAAAABAAEAAAICTAEAOw==\"><noscript><img  title=\"Developers@Work\" alt=\"Developers@Work\" data-src=\"https://pbs.twimg.com/profile_images/850312838119739392/HKhZGj9G_normal.jpg\" class=\"lazyload\" src=\"data:image/gif;base64,R0lGODlhAQABAAAAACH5BAEKAAEALAAAAAABAAEAAAICTAEAOw==\"><noscript><img  title=\"Developers@Work\" alt=\"Developers@Work\" data-src=\"https://pbs.twimg.com/profile_images/850312838119739392/HKhZGj9G_normal.jpg\" class=\"lazyload\" src=\"data:image/gif;base64,R0lGODlhAQABAAAAACH5BAEKAAEALAAAAAABAAEAAAICTAEAOw==\"><noscript><img  title=\"Developers@Work\" alt=\"Developers@Work\" data-src=\"https://pbs.twimg.com/profile_images/85031', 0, '2020-01-19 16:53:13'),
(107, 13, 29, '2838119739392/HKhZGj9G_normal.jpg\" class=\"lazyload\" src=\"data:image/gif;base64,R0lGODlhAQABAAAAACH5BAEKAAEALAAAAAABAAEAAAICTAEAOw==\"><noscript><img  title=\"Developers@Work\" alt=\"Developers@Work\" data-src=\"https://pbs.twimg.com/profile_images/850312838119739392/HKhZGj9G_normal.jpg\" class=\"lazyload\" src=\"data:image/gif;base64,R0lGODlhAQABAAAAACH5BAEKAAEALAAAAAABAAEAAAICTAEAOw==\"><noscript><img  title=\"Developers@Work\" alt=\"Developers@Work\" data-src=\"https://pbs.twimg.com/profile_images/850312838119739392/HKhZGj9G_normal.jpg\" class=\"lazyload\" src=\"data:image/gif;base64,R0lGODlhAQABAAAAACH5BAEKAAEALAAAAAABAAEAAAICTAEAOw==\"><noscript><img  title=\"Developers@Work\" alt=\"Developers@Work\" data-src=\"https://pbs.twimg.com/profile_images/850312838119739392/HKhZGj9G_normal.jpg\" class=\"lazyload\" src=\"data:image/gif;base64,R0lGODlhAQABAAAAACH5BAEKAAEALAAAAAABAAEAAAICTAEAOw==\"><noscript><img src=\"https://pbs.twimg.com/profile_images/850312838119739392/HKhZGj9G_normal.jpg\" title=\"Developers@Work\" alt=\"Developers@Work\"></noscr', 0, '2020-01-19 16:53:13'),
(108, 13, 30, 'ipt></noscript></noscript></noscript></noscript></noscript></noscript></noscript></noscript></noscript></noscript></noscript></noscript></noscript></noscript></noscript></noscript></noscript></noscript></noscript></noscript><img class=\"lazyload\" src=\"data:image/svg+xml,%3Csvg%20xmlns=%22http://www.w3.org/2000/svg%22%20viewBox=%220%200%20%20%22%3E%3C/svg%3E\" data-src=\"https://pbs.twimg.com/profile_images/850312838119739392/HKhZGj9G_normal.jpg\" title=\"Developers@Work\" alt=\"Developers@Work\"> </a></div><div class=\"htmega-content\"><div class=\"htmega-author\"><h6><a href=\"https://twitter.com/DevelopersWorkY\" target=\"_blank\"><span class=\"__cf_email__\" data-cfemail=\"01456477646d6e7164737241566e736a\">[email&#160;protected]</span></a></h6> <span class=\"twitter-time\"> 2 days ago </span></div><p> My steam collection with #137 Comment down yours ! #developerswork #gaming #steam #games #gamescollection https://t.co/MFGD3VTj7M</p></div></div></div><div class=\"htmega-twitter\"><div class=\"htmega-twitter-single\"><div class=\"htm', 0, '2020-01-19 16:53:13'),
(109, 13, 31, 'ega-thumb\"> <a href=\"https://twitter.com/DevelopersWorkY\" target=\"_blank\"> <noscript><img  title=\"Developers@Work\" alt=\"Developers@Work\" data-src=\"https://pbs.twimg.com/profile_images/850312838119739392/HKhZGj9G_normal.jpg\" class=\"lazyload\" src=\"data:image/gif;base64,R0lGODlhAQABAAAAACH5BAEKAAEALAAAAAABAAEAAAICTAEAOw==\"><noscript><img  title=\"Developers@Work\" alt=\"Developers@Work\" data-src=\"https://pbs.twimg.com/profile_images/850312838119739392/HKhZGj9G_normal.jpg\" class=\"lazyload\" src=\"data:image/gif;base64,R0lGODlhAQABAAAAACH5BAEKAAEALAAAAAABAAEAAAICTAEAOw==\"><noscript><img  title=\"Developers@Work\" alt=\"Developers@Work\" data-src=\"https://pbs.twimg.com/profile_images/850312838119739392/HKhZGj9G_normal.jpg\" class=\"lazyload\" src=\"data:image/gif;base64,R0lGODlhAQABAAAAACH5BAEKAAEALAAAAAABAAEAAAICTAEAOw==\"><noscript><img  title=\"Developers@Work\" alt=\"Developers@Work\" data-src=\"https://pbs.twimg.com/profile_images/850312838119739392/HKhZGj9G_normal.jpg\" class=\"lazyload\" src=\"data:image/gif;base64,R0lGODlhAQABAAA', 0, '2020-01-19 16:53:13'),
(110, 13, 32, 'AACH5BAEKAAEALAAAAAABAAEAAAICTAEAOw==\"><noscript><img  title=\"Developers@Work\" alt=\"Developers@Work\" data-src=\"https://pbs.twimg.com/profile_images/850312838119739392/HKhZGj9G_normal.jpg\" class=\"lazyload\" src=\"data:image/gif;base64,R0lGODlhAQABAAAAACH5BAEKAAEALAAAAAABAAEAAAICTAEAOw==\"><noscript><img  title=\"Developers@Work\" alt=\"Developers@Work\" data-src=\"https://pbs.twimg.com/profile_images/850312838119739392/HKhZGj9G_normal.jpg\" class=\"lazyload\" src=\"data:image/gif;base64,R0lGODlhAQABAAAAACH5BAEKAAEALAAAAAABAAEAAAICTAEAOw==\"><noscript><img  title=\"Developers@Work\" alt=\"Developers@Work\" data-src=\"https://pbs.twimg.com/profile_images/850312838119739392/HKhZGj9G_normal.jpg\" class=\"lazyload\" src=\"data:image/gif;base64,R0lGODlhAQABAAAAACH5BAEKAAEALAAAAAABAAEAAAICTAEAOw==\"><noscript><img  title=\"Developers@Work\" alt=\"Developers@Work\" data-src=\"https://pbs.twimg.com/profile_images/850312838119739392/HKhZGj9G_normal.jpg\" class=\"lazyload\" src=\"data:image/gif;base64,R0lGODlhAQABAAAAACH5BAEKAAEALAAAAAABAAEAAAICTAEAOw=', 0, '2020-01-19 16:53:13'),
(111, 13, 33, '=\"><noscript><img  title=\"Developers@Work\" alt=\"Developers@Work\" data-src=\"https://pbs.twimg.com/profile_images/850312838119739392/HKhZGj9G_normal.jpg\" class=\"lazyload\" src=\"data:image/gif;base64,R0lGODlhAQABAAAAACH5BAEKAAEALAAAAAABAAEAAAICTAEAOw==\"><noscript><img  title=\"Developers@Work\" alt=\"Developers@Work\" data-src=\"https://pbs.twimg.com/profile_images/850312838119739392/HKhZGj9G_normal.jpg\" class=\"lazyload\" src=\"data:image/gif;base64,R0lGODlhAQABAAAAACH5BAEKAAEALAAAAAABAAEAAAICTAEAOw==\"><noscript><img  title=\"Developers@Work\" alt=\"Developers@Work\" data-src=\"https://pbs.twimg.com/profile_images/850312838119739392/HKhZGj9G_normal.jpg\" class=\"lazyload\" src=\"data:image/gif;base64,R0lGODlhAQABAAAAACH5BAEKAAEALAAAAAABAAEAAAICTAEAOw==\"><noscript><img  title=\"Developers@Work\" alt=\"Developers@Work\" data-src=\"https://pbs.twimg.com/profile_images/850312838119739392/HKhZGj9G_normal.jpg\" class=\"lazyload\" src=\"data:image/gif;base64,R0lGODlhAQABAAAAACH5BAEKAAEALAAAAAABAAEAAAICTAEAOw==\"><noscript><img  title=\"Developers', 0, '2020-01-19 16:53:13'),
(112, 13, 34, '@Work\" alt=\"Developers@Work\" data-src=\"https://pbs.twimg.com/profile_images/850312838119739392/HKhZGj9G_normal.jpg\" class=\"lazyload\" src=\"data:image/gif;base64,R0lGODlhAQABAAAAACH5BAEKAAEALAAAAAABAAEAAAICTAEAOw==\"><noscript><img  title=\"Developers@Work\" alt=\"Developers@Work\" data-src=\"https://pbs.twimg.com/profile_images/850312838119739392/HKhZGj9G_normal.jpg\" class=\"lazyload\" src=\"data:image/gif;base64,R0lGODlhAQABAAAAACH5BAEKAAEALAAAAAABAAEAAAICTAEAOw==\"><noscript><img  title=\"Developers@Work\" alt=\"Developers@Work\" data-src=\"https://pbs.twimg.com/profile_images/850312838119739392/HKhZGj9G_normal.jpg\" class=\"lazyload\" src=\"data:image/gif;base64,R0lGODlhAQABAAAAACH5BAEKAAEALAAAAAABAAEAAAICTAEAOw==\"><noscript><img  title=\"Developers@Work\" alt=\"Developers@Work\" data-src=\"https://pbs.twimg.com/profile_images/850312838119739392/HKhZGj9G_normal.jpg\" class=\"lazyload\" src=\"data:image/gif;base64,R0lGODlhAQABAAAAACH5BAEKAAEALAAAAAABAAEAAAICTAEAOw==\"><noscript><img  title=\"Developers@Work\" alt=\"Developers@Work\" data-sr', 0, '2020-01-19 16:53:13'),
(113, 13, 35, 'c=\"https://pbs.twimg.com/profile_images/850312838119739392/HKhZGj9G_normal.jpg\" class=\"lazyload\" src=\"data:image/gif;base64,R0lGODlhAQABAAAAACH5BAEKAAEALAAAAAABAAEAAAICTAEAOw==\"><noscript><img  title=\"Developers@Work\" alt=\"Developers@Work\" data-src=\"https://pbs.twimg.com/profile_images/850312838119739392/HKhZGj9G_normal.jpg\" class=\"lazyload\" src=\"data:image/gif;base64,R0lGODlhAQABAAAAACH5BAEKAAEALAAAAAABAAEAAAICTAEAOw==\"><noscript><img  title=\"Developers@Work\" alt=\"Developers@Work\" data-src=\"https://pbs.twimg.com/profile_images/850312838119739392/HKhZGj9G_normal.jpg\" class=\"lazyload\" src=\"data:image/gif;base64,R0lGODlhAQABAAAAACH5BAEKAAEALAAAAAABAAEAAAICTAEAOw==\"><noscript><img  title=\"Developers@Work\" alt=\"Developers@Work\" data-src=\"https://pbs.twimg.com/profile_images/850312838119739392/HKhZGj9G_normal.jpg\" class=\"lazyload\" src=\"data:image/gif;base64,R0lGODlhAQABAAAAACH5BAEKAAEALAAAAAABAAEAAAICTAEAOw==\"><noscript><img src=\"https://pbs.twimg.com/profile_images/850312838119739392/HKhZGj9G_normal.jpg\" title=\"D', 0, '2020-01-19 16:53:13'),
(114, 13, 36, 'evelopers@Work\" alt=\"Developers@Work\"></noscript></noscript></noscript></noscript></noscript></noscript></noscript></noscript></noscript></noscript></noscript></noscript></noscript></noscript></noscript></noscript></noscript></noscript></noscript></noscript></noscript><img class=\"lazyload\" src=\"data:image/svg+xml,%3Csvg%20xmlns=%22http://www.w3.org/2000/svg%22%20viewBox=%220%200%20%20%22%3E%3C/svg%3E\" data-src=\"https://pbs.twimg.com/profile_images/850312838119739392/HKhZGj9G_normal.jpg\" title=\"Developers@Work\" alt=\"Developers@Work\"> </a></div><div class=\"htmega-content\"><div class=\"htmega-author\"><h6><a href=\"https://twitter.com/DevelopersWorkY\" target=\"_blank\"><span class=\"__cf_email__\" data-cfemail=\"30745546555c5f4055424370675f425b\">[email&#160;protected]</span></a></h6> <span class=\"twitter-time\"> 16 days ago </span></div><p> RT @Kwebbelkop: The Kwebbelkop team is hiring! Are you interested in editing for a massive YouTube channel? Hit me up! Tweet or email me</p></div></div></div><div class=\"htmega-twi', 0, '2020-01-19 16:53:13'),
(115, 13, 37, 'tter\"><div class=\"htmega-twitter-single\"><div class=\"htmega-thumb\"> <a href=\"https://twitter.com/DevelopersWorkY\" target=\"_blank\"> <noscript>', 0, '2020-01-19 16:53:13'),
(116, 14, 0, '<link rel=\"dns-prefetch\" href=\"//v0.wordpress.com\" /><link rel=\"dns-prefetch\" href=\"//widgets.wp.com\" /><link rel=\"dns-prefetch\" href=\"//jetpack.wordpress.com\" /><link rel=\"dns-prefetch\" href=\"//s0.wp.com\" /><link rel=\"dns-prefetch\" href=\"//s1.wp.com\" /><link rel=\"dns-prefetch\" href=\"//s2.wp.com\" /><link rel=\"dns-prefetch\" href=\"//public-api.wordpress.com\" /><link rel=\"dns-prefetch\" href=\"//0.gravatar.com\" /><link rel=\"dns-prefetch\" href=\"//1.gravatar.com\" /><link rel=\"dns-prefetch\" href=\"//2.gravatar.com\" /><style type=\"text/css\">img#wpstats{display:none}</style><style type=\"text/css\">.recentcomments a{display:inline !important;padding:0 !important;margin:0 !important;}</style><link rel=\"amphtml\" href=\"https://developerswork.online/?amp\"><meta property=\"og:type\" content=\"website\" /><meta property=\"og:title\" content=\"Developers@Work\" /><meta property=\"og:description\" content=\"IMPOSSIBLE WILL BE MADE POSSIBLE HERE\" /><meta property=\"og:url\" content=\"https://developerswork.online/\" /><meta property=\"og:site_name\" content=\"Developers@Work\" /><meta property=\"og:image\" content=\"https://developerswork.online/wp-content/uploads/2019/05/mohammed-azim-532012-unsplash.jpg\" /><meta property=\"og:image:width\" content=\"700\" /><meta property=\"og:image:height\" content=\"700\" /><meta property=\"og:locale\" content=\"en_US\" /><meta name=\"twitter:site\" content=\"@developersworky\" /><meta name=\"twitter:text:title\" content=\"Home\" /><meta name=\"twitter:card\" content=\"summary\" /><link rel=\"icon\" href=\"https://developerswork.online/wp-content/uploads/2018/12/cropped-transperentlogo-2-32x32.png\" sizes=\"32x32\" /><link rel=\"icon\" href=\"https://developerswork.online/wp-content/uploads/2018/12/cropped-transperentlogo-2-192x192.png\" sizes=\"192x192\" /><link rel=\"apple-touch-icon-precomposed\" href=\"https://developerswork.online/wp-content/uploads/2018/12/cropped-transperentlogo-2-180x180.png\" /><meta name=\"msapplication-TileImage\" content=\"https://developerswork.online/wp-content/uploads/2018/12/cropped-transperentlogo-2-270x270.png\" /><link rel=\"stylesheet\" type=\"text/css\" id=\"wp-custom-css\" href=\"https://developerswork.online/?custom-css=db7ba50349\" /><style>.custom-ad-block{\n    color : #ccc;\n    border : 1px solid black;\n  }</style><style>#logo img{\n            max-width : 100% !important;\n        }</style><meta name=\"google-site-verification\" content=\"EHnz7QqG7p4PVi5q6pyksqpqOzdL1pxlgdrHplX_15k\" /><script data-cfasync=\"false\" id=\"ao_optimized_gfonts_webfontloader\">(function() {var wf = document.createElement(\"script\");wf.src=\"https://ajax.googleapis.com/ajax/libs/webfont/1/webfont.js\";wf.type=\"text/javascript\";wf.async=\"true\";var s=document.getElementsByTagName(\"script\")[0];s.parentNode.insertBefore(wf, s);})();</script></head><body data-rsssl=1 class=\"home page-template-default page page-id-393 wp-custom-logo group-blog sticky-header elementor-default elementor-page elementor-page-393\"><div id=\"header\" class=\"portum-classic header--no-shadow header--has-sticky-logo\"><div class=\"container\"><div class=\"row\"><div class=\"col-xs-12\"><div id=\"logo\"> <a href=\"https://developerswork.online/\" class=\"custom-logo-link\" rel=\"home\"><noscript><img width=\"360\" height=\"60\"   alt=\"Developers@Work\" data-srcset=\"https://developerswork.online/wp-content/uploads/2019/03/DESIGNS-Copy.png 360w, https://developerswork.online/wp-content/uploads/2019/03/DESIGNS-Copy-300x50.png 300w, https://developerswork.online/wp-content/uploads/2019/03/DESIGNS-Copy-24x4.png 24w, https://developerswork.online/wp-content/uploads/2019/03/DESIGNS-Copy-36x6.png 36w, https://developerswork.online/wp-content/uploads/2019/03/DESIGNS-Copy-48x8.png 48w\" sizes=\"(max-width: 360px) 100vw, 360px\" data-attachment-id=\"448\" data-permalink=\"https://developerswork.online/designs-copy\" data-orig-file=\"https://developerswork.online/wp-content/uploads/2019/03/DESIGNS-Copy.png\" data-orig-size=\"360,60\" data-comments-opened=\"1\" data-image-meta=\"{&quot;aperture&quot;:&quot;0&quot;,&quot;credit&quot;:&quot;&quot;,&quot;camera&quot;:&quot;&quot;,&quot;caption&quot;:&quot;&quot;,&quot;created_timestamp&quot;:&quot;0&quot;,&quot;copyright&quot;:&quot;&quot;,&quot;focal_length&quot;:&quot;0&quot;,&quot;iso&quot;:&quot;0&quot;,&quot;shutter_speed&quot;:&quot;0&quot;,&quot;title&quot;:&quot;&quot;,&quot;orientation&quot;:&quot;0&quot;}\" data-image-title=\"NAMING 60 HEIGHT\" data-image-description=\"\" data-medium-file=\"https://developerswork.online/wp-content/uploads/2019/03/DESIGNS-Copy-300x50.png\" data-large-file=\"https://developerswork.online/wp-content/uploads/2019/03/DESIGNS-Copy.png\" data-src=\"https://developerswork.online/wp-content/uploads/2019/03/DESIGNS-Copy.png\" class=\"custom-logo lazyload\" src=\"data:image/gif;base64,R0lGODlhAQABAAAAACH5BAEKAAEALAAAAAABAAEAAAICTAEAOw==\" /><noscript><img width=\"360\" height=\"60\" src=\"https://developerswork.online/wp-content/uploads/2019/03/DESIGNS-Copy.png\" class=\"custom-logo\" alt=\"Developers@Work\" srcset=\"https://developerswork.online/wp-content/uploads/2019/03/DESIGNS-Copy.png 360w, https://developerswork.online/wp-content/uploads/2019/03/DESIGNS-Copy-300x50.png 300w, https://developerswork.online/wp-content/uploads/2019/03/DESIGNS-Copy-24x4.png 24w, https://developerswork.online/wp-content/uploads/2019/03/DESIGNS-Copy-36x6.png 36w, https://developerswork.online/wp-content/uploads/2019/03/DESIGNS-Copy-48x8.png 48w\" sizes=\"(max-width: 360px) 100vw, 360px\" data-attachment-id=\"448\" data-permalink=\"https://developerswork.online/designs-copy\" data-orig-file=\"https://developerswork.online/wp-content/uploads/2019/03/DESIGNS-Copy.png\" data-orig-size=\"360,60\" data-comments-opened=\"1\" data-image-meta=\"{&quot;aperture&quot;:&quot;0&quot;,&quot;credit&quot;:&quot;&quot;,&quot;camera&quot;:&quot;&quot;,&quot;caption&quot;:&quot;&quot;,&quot;created_timestamp&quot;:&quot;0&quot;,&quot;copyright&quot;:&quot;&quot;,&quot;focal_length&quot;:&quot;0&quot;,&quot;iso&quot;:&quot;0&quot;,&quot;shutter_speed&quot;:&quot;0&quot;,&quot;title&quot;:&quot;&quot;,&quot;orientation&quot;:&quot;0&quot;}\" data-image-title=\"NAMING 60 HEIGHT\" data-image-description=\"\" data-medium-file=\"https://developerswork.online/wp-content/uploads/2019/03/DESIGNS-Copy-300x50.png\" data-large-file=\"https://developerswork.online/wp-content/uploads/2019/03/DESIGNS-Copy.png\" /></noscript></noscript><img width=\"360\" height=\"60\" src=\"data:image/svg+xml,%3Csvg%20xmlns=%22http://www.w3.org/2000/svg%22%20viewBox=%220%200%20360%2060%22%3E%3C/svg%3E\" data-src=\"https://developerswork.online/wp-content/uploads/2019/03/DESIGNS-Copy.png\" class=\"lazyload custom-logo\" alt=\"Developers@Work\" data-srcset=\"https://developerswork.online/wp-content/uploads/2019/03/DESIGNS-Copy.png 360w, https://developerswork.online/wp-content/uploads/2019/03/DESIGNS-Copy-300x50.png 300w, https://developerswork.online/wp-content/uploads/2019/03/DESIGNS-Copy-24x4.png 24w, https://developerswork.online/wp-content/uploads/2019/03/DESIGNS-Copy-36x6.png 36w, https://developerswork.online/wp-content/uploads/2019/03/DESIGNS-Copy-48x8.png 48w\" data-sizes=\"(max-width: 360px) 100vw, 360px\" data-attachment-id=\"448\" data-permalink=\"https://developerswork.online/designs-copy\" data-orig-file=\"https://developerswork.online/wp-content/uploads/2019/03/DESIGNS-Copy.png\" data-orig-size=\"360,60\" data-comments-opened=\"1\" data-image-meta=\"{&quot;aperture&quot;:&quot;0&quot;,&quot;credit&quot;:&quot;&quot;,&quot;camera&quot;:&quot;&quot;,&quot;caption&quot;:&quot;&quot;,&quot;created_timestamp&quot;:&quot;0&quot;,&quot;copyright&quot;:&quot;&quot;,&quot;focal_length&quot;:&quot;0&quot;,&quot;iso&quot;:&quot;0&quot;,&quot;shutter_speed&quot;:&quot;0&quot;,&quot;title&quot;:&quot;&quot;,&quot;orientation&quot;:&quot;0&quot;}\" data-image-title=\"NAMING 60 HEIGHT\" data-image-description=\"\" data-medium-file=\"https://developerswork.online/wp-content/uploads/2019/03/DESIGNS-Copy-300x50.png\" data-large-file=\"https://developerswork.online/wp-content/uploads/2019/03/DESIGNS-Copy.png\" /></a> <a href=\"https://developerswork.online/\" class=\"custom-logo-link--sticky\" rel=\"home\" itemprop=\"url\"><noscript><img   itemprop=\"logo\" width=\"384\" height=\"64\" alt=\"Developers@Work\" data-src=\"https://developerswork.online/wp-content/uploads/2019/03/DESIGNS-Copy-64.png\" class=\"custom-logo--sticky lazyload\" src=\"data:image/gif;base64,R0lGODlhAQABAAAAACH5BAEKAAEALAAAAAABAAEAAAICTAEAOw==\" /><noscript><img class=\"custom-logo--sticky\" src=\"https://developerswork.online/wp-content/uploads/2019/03/DESIGNS-Copy-64.png\" itemprop=\"logo\" width=\"384\" height=\"64\" alt=\"Developers@Work\" /></noscript></noscript><img class=\"lazyload custom-logo--sticky\" src=\"data:image/svg+xml,%3Csvg%20xmlns=%22http://www.w3.org/2000/svg%22%20viewBox=%220%200%20384%2064%22%3E%3C/svg%3E\" data-src=\"https://developerswork.online/wp-content/uploads/2019/03/DESIGNS-Copy-64.png\" itemprop=\"logo\" width=\"384\" height=\"64\" alt=\"Developers@Work\" /></a></div><div class=\"portum-menu-icon\"><div class=\"portum-navicon\"></div></div><ul id=\"menu\" class=\"portum-menu fixed\"><li id', 0, '2020-01-19 16:54:11'),
(117, 14, 1, '=\"menu-item-641\" class=\"menu-item menu-item-type-post_type menu-item-object-page menu-item-home current-menu-item page_item page-item-393 current_page_item menu-item-641\"><a href=\"https://developerswork.online/\" aria-current=\"page\">HOME</a></li><li id=\"menu-item-1553\" class=\"menu-item menu-item-type-custom menu-item-object-custom menu-item-has-children menu-item-1553\"><a href=\"#\">WORKS</a><ul class=\"sub-menu\"><li id=\"menu-item-1623\" class=\"menu-item menu-item-type-post_type menu-item-object-page menu-item-1623\"><a href=\"https://developerswork.online/blog\">BLOG</a></li></ul></li><li id=\"menu-item-3448\" class=\"menu-item menu-item-type-custom menu-item-object-custom menu-item-has-children menu-item-3448\"><a href=\"#\">SUPPORT</a><ul class=\"sub-menu\"><li id=\"menu-item-3449\" class=\"menu-item menu-item-type-post_type menu-item-object-page menu-item-3449\"><a href=\"https://developerswork.online/history-of-personal-hardware\">MUSEUM</a></li><li id=\"menu-item-1549\" class=\"menu-item menu-item-type-post_type menu-item-object-page menu-item-1549\"><a href=\"https://developerswork.online/team\">HALL OF FAME</a></li><li id=\"menu-item-180\" class=\"menu-item menu-item-type-custom menu-item-object-custom menu-item-180\"><a href=\"https://www.patreon.com/join/DevelopersWork?\">PATREON</a></li><li id=\"menu-item-181\" class=\"menu-item menu-item-type-custom menu-item-object-custom menu-item-181\"><a href=\"https://streamlabs.com/developerswork\">STREAMLABS</a></li></ul></li><li id=\"menu-item-634\" class=\"menu-item menu-item-type-post_type menu-item-object-page menu-item-634\"><a href=\"https://developerswork.online/login\">LOGIN</a></li><li id=\"menu-item-1550\" class=\"menu-item menu-item-type-post_type menu-item-object-page menu-item-1550\"><a href=\"https://developerswork.online/register\">REGISTER</a></li></ul></div></div></div></div><div id=\"wrap\"><div id=\"content\" style=\"margin-bottom:1%;\"><div class=\"custom-header\"><div class=\"row\" style=\"display:none;\"><div class=\"col-md-1\"></div><div class=\"col-md-10\"><div class=\"lazyload intro-item\" data-bg=\"https://developerswork.online/wp-content/uploads/2019/02/ChannelArt.png\" style=\"background-image:url(data:image/svg+xml,%3Csvg%20xmlns=%22http://www.w3.org/2000/svg%22%20viewBox=%220%200%20500%20300%22%3E%3C/svg%3E);margin-top:0;\"><h4 style=\"color:white;font-size:25px;\">Home</h4></div></div><div class=\"col-md-1\"></div></div></div><div class=\"container\" style=\"\n max-width:100%;width:100%;\n padding:0;\n margin:0;\"><div class=\"row\"><div class=\"col-sm-12\"><article id=\"post-393\" class=\"post-393 page type-page status-publish hentry\"><div class=\"row\"><div class=\"col-sm-12\"><div class=\"post-content\"><div data-elementor-type=\"wp-page\" data-elementor-id=\"393\" class=\"elementor elementor-393\" data-elementor-settings=\"[]\"><div class=\"elementor-inner\"><div class=\"elementor-section-wrap\"><section class=\"elementor-element elementor-element-ba5d9d3 elementor-section-full_width elementor-section-height-min-height elementor-section-content-bottom animated-slow elementor-section-items-bottom elementor-section-height-default elementor-invisible elementor-section elementor-top-section\" data-id=\"ba5d9d3\" data-element_type=\"section\" data-settings=\"{&quot;background_background&quot;:&quot;classic&quot;,&quot;shape_divider_bottom&quot;:&quot;opacity-tilt&quot;,&quot;animation&quot;:&quot;headShake&quot;,&quot;animation_delay&quot;:1500}\"><div class=\"elementor-shape elementor-shape-bottom\" data-negative=\"false\"> <svg xmlns=\"http://www.w3.org/2000/svg\" viewBox=\"0 0 2600 131.1\" preserveAspectRatio=\"none\"> <path class=\"elementor-shape-fill\" d=\"M0 0L2600 0 2600 69.1 0 0z\" /> <path class=\"elementor-shape-fill\" style=\"opacity:0.5\" d=\"M0 0L2600 0 2600 69.1 0 69.1z\" /> <path class=\"elementor-shape-fill\" style=\"opacity:0.25\" d=\"M2600 0L0 0 0 130.1 2600 69.1z\" /> </svg></div><div class=\"elementor-container elementor-column-gap-no\"><div class=\"elementor-row\"><div class=\"elementor-element elementor-element-53a9c37 elementor-column elementor-col-100 elementor-top-column\" data-id=\"53a9c37\" data-element_type=\"column\"><div class=\"elementor-column-wrap  elementor-element-populated\"><div class=\"elementor-widget-wrap\"><section class=\"elementor-element elementor-element-129cf72 elementor-section-full_width elementor-section-height-min-height elementor-section-content-middle elementor-section-height-default elementor-section elementor-inner-section\" data-id=\"129cf72\" data-element_type=\"section\"><div class=\"elementor-container elementor-column-gap-extended\"><div class=\"elementor-row\"><div class=\"elementor-element elementor-element-b4299a1 elementor-column elementor-col-100 elementor-inner-column\" data-id=\"b4299a1\" data-element_type=\"column\"><div class=\"elementor-column-wrap  elementor-element-populated\"><div class=\"elementor-widget-wrap\"><div class=\"elementor-element elementor-element-cc166ba animated-slow elementor-invisible elementor-widget elementor-widget-text-editor\" data-id=\"cc166ba\" data-element_type=\"widget\" data-settings=\"{&quot;_animation&quot;:&quot;slideInDown&quot;}\" data-widget_type=\"text-editor.default\"><div class=\"elementor-widget-container\"><div class=\"elementor-text-editor elementor-clearfix\"><p>Hey Hi there, Welcome to the world of <a href=\"/cdn-cgi/l/email-protection\" class=\"__cf_email__\" data-cfemail=\"ca8eafbcafa6a5baafb8b98a9da5b8a1\">[email&#160;protected]</a></p></div></div></div></div></div></div></div></div></section></div></div></div></div></div></section><section class=\"elementor-element elementor-element-df1f705 elementor-section-boxed elementor-section-height-default elementor-section-height-default elementor-section elementor-top-section\" data-id=\"df1f705\" data-element_type=\"section\"><div class=\"elementor-container elementor-column-gap-default\"><div class=\"elementor-row\"><div class=\"elementor-element elementor-element-7c59509 elementor-column elementor-col-100 elementor-top-column\" data-id=\"7c59509\" data-element_type=\"column\"><div class=\"elementor-column-wrap  elementor-element-populated\"><div class=\"elementor-widget-wrap\"><div class=\"elementor-element elementor-element-9228a46 elementor-widget elementor-widget-spacer\" data-id=\"9228a46\" data-element_type=\"widget\" data-widget_type=\"spacer.default\"><div class=\"elementor-widget-container\"><div class=\"elementor-spacer\"><div class=\"elementor-spacer-inner\"></div></div></div></div></div></div></div></div></div></section><section class=\"elementor-element elementor-element-ccd9878 elementor-section-boxed elementor-section-height-default elementor-section-height-default elementor-section elementor-top-section\" data-id=\"ccd9878\" data-element_type=\"section\"><div class=\"elementor-container elementor-column-gap-default\"><div class=\"elementor-row\"><div class=\"elementor-element elementor-element-3f00a57 elementor-column elementor-col-100 elementor-top-column\" data-id=\"3f00a57\" data-element_type=\"column\"><div class=\"elementor-column-wrap  elementor-element-populated\"><div class=\"elementor-widget-wrap\"><div class=\"elementor-element elementor-element-545c074 elementor-hidden-desktop elementor-hidden-tablet elementor-widget elementor-widget-alert\" data-id=\"545c074\" data-element_type=\"widget\" data-settings=\"{&quot;_animation_tablet&quot;:&quot;zoomInDown&quot;,&quot;_animation_mobile&quot;:&quot;bounceInUp&quot;}\" data-widget_type=\"alert.default\"><div class=\"elementor-widget-container\"><div class=\"elementor-alert elementor-alert-warning\" role=\"alert\"> <span class=\"elementor-alert-title\">Alert</span> <span class=\"elementor-alert-description\">THIS WEBSITE IS DESIGNED FOR 16:9 RESOLUTION SCREENS. USE ANY COMPUTER OR TABLET FOR BEST EXPERIENCE</span> <button type=\"button\" class=\"elementor-alert-dismiss\"> <span aria-hidden=\"true\">&times;</span> <span class=\"elementor-screen-only\">Dismiss alert</span> </button></div></div></div></div></div></div></div></div></section><section class=\"elementor-element elementor-element-578f20b elementor-section-full_width elementor-section-content-middle elementor-section-height-default elementor-section-height-default elementor-section elementor-top-section\" data-id=\"578f20b\" data-element_type=\"section\"><div class=\"elementor-container elementor-column-gap-extended\"><div class=\"elementor-row\"><div class=\"elementor-element elementor-element-7d42953 elementor-column elementor-col-100 elementor-top-column\" data-id=\"7d42953\" data-element_type=\"column\"><div class=\"elementor-column-wrap  elementor-element-populated\"><div class=\"elementor-widget-wrap\"><div class=\"elementor-element elementor-element-cc9c27e animated-slow htmega-title-align-center elementor-invisible elementor-widget elementor-widget-section-title-addons\" data-id=\"cc9c27e\" data-element_type=\"widget\" data-settings=\"{&quot;_animation&quot;:&quot;bounceIn&quot;,&quot;_animation_delay&quot;:500}\" data-widget_type=\"section-title-addons.default\"><div class=\"elementor-widget-container\"><div class=\"htmega-section-title htmega-subtitle-position-bottom title-style-two\"><h2 class=\"section-title-txt\"><a href=\"https://twitter.com/developersworky', 0, '2020-01-19 16:54:11');
INSERT INTO `blog_posts_content` (`map_id`, `post_id`, `post_part`, `post_content`, `post_revision`, `timestamp`) VALUES
(118, 14, 2, '\" target=\"_blank\">LATEST TWEETS</a></h2><div class=htmega-title-sperator-sec><span class=\"htmega-title-sperator\">&nbsp;</span></div><p class=\"section-subtitle-txt\"><a href=\"https://twitter.com/developersworky\" target=\"_blank\">@DevelopersWorkY</a></p><i aria-hidden=\"true\" class=\"fas fa-pencil-alt\"></i></div></div></div><div class=\"elementor-element elementor-element-d7c1876 animated-slow elementor-invisible elementor-widget elementor-widget-htmega-twitterfeed-addons\" data-id=\"d7c1876\" data-element_type=\"widget\" data-settings=\"{&quot;_animation&quot;:&quot;jello&quot;}\" data-widget_type=\"htmega-twitterfeed-addons.default\"><div class=\"elementor-widget-container\"><div class=\"htmega-twitter-area htmega-twitter-style-4 htmega-carousel-activation\" data-settings=\"{&quot;arrows&quot;:false,&quot;arrow_prev_txt&quot;:false,&quot;arrow_next_txt&quot;:false,&quot;dots&quot;:false,&quot;autoplay&quot;:true,&quot;autoplay_speed&quot;:1500,&quot;animation_speed&quot;:1000,&quot;pause_on_hover&quot;:false,&quot;center_mode&quot;:true,&quot;center_padding&quot;:0,&quot;display_columns&quot;:4,&quot;scroll_columns&quot;:1,&quot;tablet_width&quot;:1280,&quot;tablet_display_columns&quot;:1,&quot;tablet_scroll_columns&quot;:1,&quot;mobile_width&quot;:720,&quot;mobile_display_columns&quot;:1,&quot;mobile_scroll_columns&quot;:1}\"><div class=\"htmega-twitter\"><div class=\"htmega-twitter-single\"><div class=\"htmega-thumb\"> <a href=\"https://twitter.com/DevelopersWorkY\" target=\"_blank\"> <noscript><img  title=\"Developers@Work\" alt=\"Developers@Work\" data-src=\"https://pbs.twimg.com/profile_images/850312838119739392/HKhZGj9G_normal.jpg\" class=\"lazyload\" src=\"data:image/gif;base64,R0lGODlhAQABAAAAACH5BAEKAAEALAAAAAABAAEAAAICTAEAOw==\"><noscript><img  title=\"Developers@Work\" alt=\"Developers@Work\" data-src=\"https://pbs.twimg.com/profile_images/850312838119739392/HKhZGj9G_normal.jpg\" class=\"lazyload\" src=\"data:image/gif;base64,R0lGODlhAQABAAAAACH5BAEKAAEALAAAAAABAAEAAAICTAEAOw==\"><noscript><img  title=\"Developers@Work\" alt=\"Developers@Work\" data-src=\"https://pbs.twimg.com/profile_images/850312838119739392/HKhZGj9G_normal.jpg\" class=\"lazyload\" src=\"data:image/gif;base64,R0lGODlhAQABAAAAACH5BAEKAAEALAAAAAABAAEAAAICTAEAOw==\"><noscript><img  title=\"Developers@Work\" alt=\"Developers@Work\" data-src=\"https://pbs.twimg.com/profile_images/850312838119739392/HKhZGj9G_normal.jpg\" class=\"lazyload\" src=\"data:image/gif;base64,R0lGODlhAQABAAAAACH5BAEKAAEALAAAAAABAAEAAAICTAEAOw==\"><noscript><img  title=\"Developers@Work\" alt=\"Developers@Work\" data-src=\"https://pbs.twimg.com/profile_images/850312838119739392/HKhZGj9G_normal.jpg\" class=\"lazyload\" src=\"data:image/gif;base64,R0lGODlhAQABAAAAACH5BAEKAAEALAAAAAABAAEAAAICTAEAOw==\"><noscript><img  title=\"Developers@Work\" alt=\"Developers@Work\" data-src=\"https://pbs.twimg.com/profile_images/850312838119739392/HKhZGj9G_normal.jpg\" class=\"lazyload\" src=\"data:image/gif;base64,R0lGODlhAQABAAAAACH5BAEKAAEALAAAAAABAAEAAAICTAEAOw==\"><noscript><img  title=\"Developers@Work\" alt=\"Developers@Work\" data-src=\"https://pbs.twimg.com/profile_images/850312838119739392/HKhZGj9G_normal.jpg\" class=\"lazyload\" src=\"data:image/gif;base64,R0lGODlhAQABAAAAACH5BAEKAAEALAAAAAABAAEAAAICTAEAOw==\"><noscript><img  title=\"Developers@Work\" alt=\"Developers@Work\" data-src=\"https://pbs.twimg.com/profile_images/850312838119739392/HKhZGj9G_normal.jpg\" class=\"lazyload\" src=\"data:image/gif;base64,R0lGODlhAQABAAAAACH5BAEKAAEALAAAAAABAAEAAAICTAEAOw==\"><noscript><img  title=\"Developers@Work\" alt=\"Developers@Work\" data-src=\"https://pbs.twimg.com/profile_images/850312838119739392/HKhZGj9G_normal.jpg\" class=\"lazyload\" src=\"data:image/gif;base64,R0lGODlhAQABAAAAACH5BAEKAAEALAAAAAABAAEAAAICTAEAOw==\"><noscript><img  title=\"Developers@Work\" alt=\"Developers@Work\" data-src=\"https://pbs.twimg.com/profile_images/850312838119739392/HKhZGj9G_normal.jpg\" class=\"lazyload\" src=\"data:image/gif;base64,R0lGODlhAQABAAAAACH5BAEKAAEALAAAAAABAAEAAAICTAEAOw==\"><noscript><img  title=\"Developers@Work\" alt=\"Developers@Work\" data-src=\"https://pbs.twimg.com/profile_images/850312838119739392/HKhZGj9G_normal.jpg\" class=\"lazyload\" src=\"data:image/gif;base64,R0lGODlhAQABAAAAACH5BAEKAAEALAAAAAABAAEAAAICTAEAOw==\"><noscript><img  title=\"Developers@Work\" alt=\"Developers@Work\" data-src=\"https://pbs.twimg.com/profile_images/850312838119739392/HKhZGj9G_normal.jpg\" class=\"lazyload\" src=\"data:image/gif;base64,R0lGODlhAQABAAAAACH5BAEKAAEALAAAAAABAAEAAAICTAEAOw==\"><noscript><img  title=\"Developers@Work\" alt=\"Developers@Work\" data-src=\"https://pbs.twimg.com/profile_images/850312838119739392/HKhZGj9G_normal.jpg\" class=\"lazyload\" src=\"data:image/gif;base64,R0lGODlhAQABAAAAACH5BAEKAAEALAAAAAABAAEAAAICTAEAOw==\"><noscript><img  title=\"Developers@Work\" alt=\"Developers@Work\" data-src=\"https://pbs.twimg.com/profile_images/850312838119739392/HKhZGj9G_normal.jpg\" class=\"lazyload\" src=\"data:image/gif;base64,R0lGODlhAQABAAAAACH5BAEKAAEALAAAAAABAAEAAAICTAEAOw==\"><noscript><img  title=\"Developers@Work\" alt=\"Developers@Work\" data-src=\"https://pbs.twimg.com/profile_images/850312838119739392/HKhZGj9G_normal.jpg\" class=\"lazyload\" src=\"data:image/gif;base64,R0lGODlhAQABAAAAACH5BAEKAAEALAAAAAABAAEAAAICTAEAOw==\"><noscript><img  title=\"Developers@Work\" alt=\"Developers@Work\" data-src=\"https://pbs.twimg.com/profile_images/850312838119739392/HKhZGj9G_normal.jpg\" class=\"lazyload\" src=\"data:image/gif;base64,R0lGODlhAQABAAAAACH5BAEKAAEALAAAAAABAAEAAAICTAEAOw==\"><noscript><img  title=\"Developers@Work\" alt=\"Developers@Work\" data-src=\"https://pbs.twimg.com/profile_images/850312838119739392/HKhZGj9G_normal.jpg\" class=\"lazyload\" src=\"data:image/gif;base64,R0lGODlhAQABAAAAACH5BAEKAAEALAAAAAABAAEAAAICTAEAOw==\"><noscript><img  title=\"Developers@Work\" alt=\"Developers@Work\" data-src=\"https://pbs.twimg.com/profile_images/850312838119739392/HKhZGj9G_normal.jpg\" class=\"lazyload\" src=\"data:image/gif;base64,R0lGODlhAQABAAAAACH5BAEKAAEALAAAAAABAAEAAAICTAEAOw==\"><noscript><img  title=\"Developers@Work\" alt=\"Developers@Work\" data-src=\"https://pbs.twimg.com/profile_images/850312838119739392/HKhZGj9G_normal.jpg\" class=\"lazyload\" src=\"data:image/gif;base64,R0lGODlhAQABAAAAACH5BAEKAAEALAAAAAABAAEAAAICTAEAOw==\"><noscript><img  title=\"Developers@Work\" alt=\"Developers@Work\" data-src=\"https://pbs.twimg.com/profile_images/850312838119739392/HKhZGj9G_normal.jpg\" class=\"lazyload\" src=\"data:image/gif;base64,R0lGODlhAQABAAAAACH5BAEKAAEALAAAAAABAAEAAAICTAEAOw==\"><noscript><img src=\"https://pbs.twimg.com/profile_images/850312838119739392/HKhZGj9G_normal.jpg\" title=\"Developers@Work\" alt=\"Developers@Work\"></noscript></noscript></noscript></noscript></noscript></noscript></noscript></noscript></noscript></noscript></noscript></noscript></noscript></noscript></noscript></noscript></noscript></noscript></noscript></noscript></noscript><img class=\"lazyload\" src=\"data:image/svg+xml,%3Csvg%20xmlns=%22http://www.w3.org/2000/svg%22%20viewBox=%220%200%20%20%22%3E%3C/svg%3E\" data-src=\"https://pbs.twimg.com/profile_images/850312838119739392/HKhZGj9G_normal.jpg\" title=\"Developers@Work\" alt=\"Developers@Work\"> </a></div><div class=\"htmega-content\"><div class=\"htmega-author\"><h6><a href=\"https://twitter.com/DevelopersWorkY\" target=\"_blank\"><span class=\"__cf_email__\" data-cfemail=\"3d79584b5851524d584f4e7d6a524f56\">[email&#160;protected]</span></a></h6> <span class=\"twitter-time\"> 1 hours ago </span></div><p> The Big One for all three including Brad || GTA V MISSIONS  https://t.co/HX9iGnwIsM</p></div></div></div><div class=\"htmega-twitter\"><div class=\"htmega-twitter-single\"><div class=\"htmega-thumb\"> <a href=\"https://twitter.com/DevelopersWorkY\" target=\"_blank\"> <noscript><img  title=\"Developers@Work\" alt=\"Developers@Work\" data-src=\"https://pbs.twimg.com/profile_images/850312838119739392/HKhZGj9G_normal.jpg\" class=\"lazyload\" src=\"data:image/gif;base64,R0lGODlhAQABAAAAACH5BAEKAAEALAAAAAABAAEAAAICTAEAOw==\"><noscript><img  title=\"Developers@Work\" alt=\"Developers@Work\" data-src=\"https://pbs.twimg.com/profile_images/850312838119739392/HKhZGj9G_normal.jpg\" class=\"lazyload\" src=\"data:image/gif;base64,R0lGODlhAQABAAAAACH5BAEKAAEALAAAAAABAAEAAAICTAEAOw==\"><noscript><img  title=\"Developers@Work\" alt=\"Developers@Work\" data-src=\"https://pbs.twimg.com/profile_images/850312838119739392/HKhZGj9G_normal.jpg\" class=\"lazyload\" src=\"data:image/gif;base64,R0lGODlhAQABAAAAACH5BAEKAAEALAAAAAABAAEAAAICTAEAOw==\"><noscript><img  title=\"Developers@Work\" alt=\"Developers@Work\" data-src=\"https://pbs.twimg.com/profile_images/850312838119739392/HKhZGj9G_normal.jpg\" class=\"lazyload\" src=\"data:image/gif;base64,R0lGODlhAQABAAAAACH5BAEKAAEALAAAAAABAAEAAAICTAEAOw==\"><noscript><img  title=\"Developers@Work\" alt=\"Developers@Work\" data-src=\"https://pbs.twimg.com/profile_images/850312838119739392/HKhZGj9G_normal.jpg\" class=\"lazyload\" src=\"data:image/gif;base64,R0lGODlhAQABAAAAACH5BAEKAAEALAAAAAABAAEAAAICTAEAOw==\"><noscript><img  title=\"Developers@Work\" alt=\"Developers@Work\" data-src=\"https://pbs.twimg.com/profile_images/850312838119739392/HKhZGj9', 0, '2020-01-19 16:54:11'),
(119, 14, 3, 'G_normal.jpg\" class=\"lazyload\" src=\"data:image/gif;base64,R0lGODlhAQABAAAAACH5BAEKAAEALAAAAAABAAEAAAICTAEAOw==\"><noscript><img  title=\"Developers@Work\" alt=\"Developers@Work\" data-src=\"https://pbs.twimg.com/profile_images/850312838119739392/HKhZGj9G_normal.jpg\" class=\"lazyload\" src=\"data:image/gif;base64,R0lGODlhAQABAAAAACH5BAEKAAEALAAAAAABAAEAAAICTAEAOw==\"><noscript><img  title=\"Developers@Work\" alt=\"Developers@Work\" data-src=\"https://pbs.twimg.com/profile_images/850312838119739392/HKhZGj9G_normal.jpg\" class=\"lazyload\" src=\"data:image/gif;base64,R0lGODlhAQABAAAAACH5BAEKAAEALAAAAAABAAEAAAICTAEAOw==\"><noscript><img  title=\"Developers@Work\" alt=\"Developers@Work\" data-src=\"https://pbs.twimg.com/profile_images/850312838119739392/HKhZGj9G_normal.jpg\" class=\"lazyload\" src=\"data:image/gif;base64,R0lGODlhAQABAAAAACH5BAEKAAEALAAAAAABAAEAAAICTAEAOw==\"><noscript><img  title=\"Developers@Work\" alt=\"Developers@Work\" data-src=\"https://pbs.twimg.com/profile_images/850312838119739392/HKhZGj9G_normal.jpg\" class=\"lazyload\" src=\"data:image/gif;base64,R0lGODlhAQABAAAAACH5BAEKAAEALAAAAAABAAEAAAICTAEAOw==\"><noscript><img  title=\"Developers@Work\" alt=\"Developers@Work\" data-src=\"https://pbs.twimg.com/profile_images/850312838119739392/HKhZGj9G_normal.jpg\" class=\"lazyload\" src=\"data:image/gif;base64,R0lGODlhAQABAAAAACH5BAEKAAEALAAAAAABAAEAAAICTAEAOw==\"><noscript><img  title=\"Developers@Work\" alt=\"Developers@Work\" data-src=\"https://pbs.twimg.com/profile_images/850312838119739392/HKhZGj9G_normal.jpg\" class=\"lazyload\" src=\"data:image/gif;base64,R0lGODlhAQABAAAAACH5BAEKAAEALAAAAAABAAEAAAICTAEAOw==\"><noscript><img  title=\"Developers@Work\" alt=\"Developers@Work\" data-src=\"https://pbs.twimg.com/profile_images/850312838119739392/HKhZGj9G_normal.jpg\" class=\"lazyload\" src=\"data:image/gif;base64,R0lGODlhAQABAAAAACH5BAEKAAEALAAAAAABAAEAAAICTAEAOw==\"><noscript><img  title=\"Developers@Work\" alt=\"Developers@Work\" data-src=\"https://pbs.twimg.com/profile_images/850312838119739392/HKhZGj9G_normal.jpg\" class=\"lazyload\" src=\"data:image/gif;base64,R0lGODlhAQABAAAAACH5BAEKAAEALAAAAAABAAEAAAICTAEAOw==\"><noscript><img  title=\"Developers@Work\" alt=\"Developers@Work\" data-src=\"https://pbs.twimg.com/profile_images/850312838119739392/HKhZGj9G_normal.jpg\" class=\"lazyload\" src=\"data:image/gif;base64,R0lGODlhAQABAAAAACH5BAEKAAEALAAAAAABAAEAAAICTAEAOw==\"><noscript><img  title=\"Developers@Work\" alt=\"Developers@Work\" data-src=\"https://pbs.twimg.com/profile_images/850312838119739392/HKhZGj9G_normal.jpg\" class=\"lazyload\" src=\"data:image/gif;base64,R0lGODlhAQABAAAAACH5BAEKAAEALAAAAAABAAEAAAICTAEAOw==\"><noscript><img  title=\"Developers@Work\" alt=\"Developers@Work\" data-src=\"https://pbs.twimg.com/profile_images/850312838119739392/HKhZGj9G_normal.jpg\" class=\"lazyload\" src=\"data:image/gif;base64,R0lGODlhAQABAAAAACH5BAEKAAEALAAAAAABAAEAAAICTAEAOw==\"><noscript><img  title=\"Developers@Work\" alt=\"Developers@Work\" data-src=\"https://pbs.twimg.com/profile_images/850312838119739392/HKhZGj9G_normal.jpg\" class=\"lazyload\" src=\"data:image/gif;base64,R0lGODlhAQABAAAAACH5BAEKAAEALAAAAAABAAEAAAICTAEAOw==\"><noscript><img  title=\"Developers@Work\" alt=\"Developers@Work\" data-src=\"https://pbs.twimg.com/profile_images/850312838119739392/HKhZGj9G_normal.jpg\" class=\"lazyload\" src=\"data:image/gif;base64,R0lGODlhAQABAAAAACH5BAEKAAEALAAAAAABAAEAAAICTAEAOw==\"><noscript><img  title=\"Developers@Work\" alt=\"Developers@Work\" data-src=\"https://pbs.twimg.com/profile_images/850312838119739392/HKhZGj9G_normal.jpg\" class=\"lazyload\" src=\"data:image/gif;base64,R0lGODlhAQABAAAAACH5BAEKAAEALAAAAAABAAEAAAICTAEAOw==\"><noscript><img src=\"https://pbs.twimg.com/profile_images/850312838119739392/HKhZGj9G_normal.jpg\" title=\"Developers@Work\" alt=\"Developers@Work\"></noscript></noscript></noscript></noscript></noscript></noscript></noscript></noscript></noscript></noscript></noscript></noscript></noscript></noscript></noscript></noscript></noscript></noscript></noscript></noscript></noscript><img class=\"lazyload\" src=\"data:image/svg+xml,%3Csvg%20xmlns=%22http://www.w3.org/2000/svg%22%20viewBox=%220%200%20%20%22%3E%3C/svg%3E\" data-src=\"https://pbs.twimg.com/profile_images/850312838119739392/HKhZGj9G_normal.jpg\" title=\"Developers@Work\" alt=\"Developers@Work\"> </a></div><div class=\"htmega-content\"><div class=\"htmega-author\"><h6><a href=\"https://twitter.com/DevelopersWorkY\" target=\"_blank\"><span class=\"__cf_email__\" data-cfemail=\"01456477646d6e7164737241566e736a\">[email&#160;protected]</span></a></h6> <span class=\"twitter-time\"> 2 days ago </span></div><p> My steam collection with #137 Comment down yours ! #developerswork #gaming #steam #games #gamescollection https://t.co/MFGD3VTj7M</p></div></div></div><div class=\"htmega-twitter\"><div class=\"htmega-twitter-single\"><div class=\"htmega-thumb\"> <a href=\"https://twitter.com/DevelopersWorkY\" target=\"_blank\"> <noscript><img  title=\"Developers@Work\" alt=\"Developers@Work\" data-src=\"https://pbs.twimg.com/profile_images/850312838119739392/HKhZGj9G_normal.jpg\" class=\"lazyload\" src=\"data:image/gif;base64,R0lGODlhAQABAAAAACH5BAEKAAEALAAAAAABAAEAAAICTAEAOw==\"><noscript><img  title=\"Developers@Work\" alt=\"Developers@Work\" data-src=\"https://pbs.twimg.com/profile_images/850312838119739392/HKhZGj9G_normal.jpg\" class=\"lazyload\" src=\"data:image/gif;base64,R0lGODlhAQABAAAAACH5BAEKAAEALAAAAAABAAEAAAICTAEAOw==\"><noscript><img  title=\"Developers@Work\" alt=\"Developers@Work\" data-src=\"https://pbs.twimg.com/profile_images/850312838119739392/HKhZGj9G_normal.jpg\" class=\"lazyload\" src=\"data:image/gif;base64,R0lGODlhAQABAAAAACH5BAEKAAEALAAAAAABAAEAAAICTAEAOw==\"><noscript><img  title=\"Developers@Work\" alt=\"Developers@Work\" data-src=\"https://pbs.twimg.com/profile_images/850312838119739392/HKhZGj9G_normal.jpg\" class=\"lazyload\" src=\"data:image/gif;base64,R0lGODlhAQABAAAAACH5BAEKAAEALAAAAAABAAEAAAICTAEAOw==\"><noscript><img  title=\"Developers@Work\" alt=\"Developers@Work\" data-src=\"https://pbs.twimg.com/profile_images/850312838119739392/HKhZGj9G_normal.jpg\" class=\"lazyload\" src=\"data:image/gif;base64,R0lGODlhAQABAAAAACH5BAEKAAEALAAAAAABAAEAAAICTAEAOw==\"><noscript><img  title=\"Developers@Work\" alt=\"Developers@Work\" data-src=\"https://pbs.twimg.com/profile_images/850312838119739392/HKhZGj9G_normal.jpg\" class=\"lazyload\" src=\"data:image/gif;base64,R0lGODlhAQABAAAAACH5BAEKAAEALAAAAAABAAEAAAICTAEAOw==\"><noscript><img  title=\"Developers@Work\" alt=\"Developers@Work\" data-src=\"https://pbs.twimg.com/profile_images/850312838119739392/HKhZGj9G_normal.jpg\" class=\"lazyload\" src=\"data:image/gif;base64,R0lGODlhAQABAAAAACH5BAEKAAEALAAAAAABAAEAAAICTAEAOw==\"><noscript><img  title=\"Developers@Work\" alt=\"Developers@Work\" data-src=\"https://pbs.twimg.com/profile_images/850312838119739392/HKhZGj9G_normal.jpg\" class=\"lazyload\" src=\"data:image/gif;base64,R0lGODlhAQABAAAAACH5BAEKAAEALAAAAAABAAEAAAICTAEAOw==\"><noscript><img  title=\"Developers@Work\" alt=\"Developers@Work\" data-src=\"https://pbs.twimg.com/profile_images/850312838119739392/HKhZGj9G_normal.jpg\" class=\"lazyload\" src=\"data:image/gif;base64,R0lGODlhAQABAAAAACH5BAEKAAEALAAAAAABAAEAAAICTAEAOw==\"><noscript><img  title=\"Developers@Work\" alt=\"Developers@Work\" data-src=\"https://pbs.twimg.com/profile_images/850312838119739392/HKhZGj9G_normal.jpg\" class=\"lazyload\" src=\"data:image/gif;base64,R0lGODlhAQABAAAAACH5BAEKAAEALAAAAAABAAEAAAICTAEAOw==\"><noscript><img  title=\"Developers@Work\" alt=\"Developers@Work\" data-src=\"https://pbs.twimg.com/profile_images/850312838119739392/HKhZGj9G_normal.jpg\" class=\"lazyload\" src=\"data:image/gif;base64,R0lGODlhAQABAAAAACH5BAEKAAEALAAAAAABAAEAAAICTAEAOw==\"><noscript><img  title=\"Developers@Work\" alt=\"Developers@Work\" data-src=\"https://pbs.twimg.com/profile_images/850312838119739392/HKhZGj9G_normal.jpg\" class=\"lazyload\" src=\"data:image/gif;base64,R0lGODlhAQABAAAAACH5BAEKAAEALAAAAAABAAEAAAICTAEAOw==\"><noscript><img  title=\"Developers@Work\" alt=\"Developers@Work\" data-src=\"https://pbs.twimg.com/profile_images/850312838119739392/HKhZGj9G_normal.jpg\" class=\"lazyload\" src=\"data:image/gif;base64,R0lGODlhAQABAAAAACH5BAEKAAEALAAAAAABAAEAAAICTAEAOw==\"><noscript><img  title=\"Developers@Work\" alt=\"Developers@Work\" data-src=\"https://pbs.twimg.com/profile_images/850312838119739392/HKhZGj9G_normal.jpg\" class=\"lazyload\" src=\"data:image/gif;base64,R0lGODlhAQABAAAAACH5BAEKAAEALAAAAAABAAEAAAICTAEAOw==\"><noscript><img  title=\"Developers@Work\" alt=\"Developers@Work\" data-src=\"https://pbs.twimg.com/profile_images/850312838119739392/HKhZGj9G_normal.jpg\" class=\"lazyload\" src=\"data:image/gif;base64,R0lGODlhAQABAAAAACH5BAEKAAEALAAAAAABAAEAAAICTAEAOw==\"><noscript><img  title=\"Developers@Work\" alt=\"Developers@Work\" data-src=\"https://pbs.twimg.com/profile_images/850312838119739392/HKhZGj9G_normal.jpg\" class=\"lazyload\" src=\"data:image/gif;base64,R0lGODlhAQABAAAAACH5BAEKAAEALAAAAAABAAEAAAICTAEAOw==\"><noscript><img  title=\"Developers@Work\" alt=\"Developers@Work\" data-src=\"https://pbs.twimg.com/profile_images/850312838119739392/HKhZGj9G_normal.jpg\" class=\"lazyload\" src=\"data:image/gif;base64,R0lGODlhAQABAAAAACH5BAEKAAEALAAAAAAB', 0, '2020-01-19 16:54:11'),
(120, 14, 4, 'AAEAAAICTAEAOw==\"><noscript><img  title=\"Developers@Work\" alt=\"Developers@Work\" data-src=\"https://pbs.twimg.com/profile_images/850312838119739392/HKhZGj9G_normal.jpg\" class=\"lazyload\" src=\"data:image/gif;base64,R0lGODlhAQABAAAAACH5BAEKAAEALAAAAAABAAEAAAICTAEAOw==\"><noscript><img  title=\"Developers@Work\" alt=\"Developers@Work\" data-src=\"https://pbs.twimg.com/profile_images/850312838119739392/HKhZGj9G_normal.jpg\" class=\"lazyload\" src=\"data:image/gif;base64,R0lGODlhAQABAAAAACH5BAEKAAEALAAAAAABAAEAAAICTAEAOw==\"><noscript><img  title=\"Developers@Work\" alt=\"Developers@Work\" data-src=\"https://pbs.twimg.com/profile_images/850312838119739392/HKhZGj9G_normal.jpg\" class=\"lazyload\" src=\"data:image/gif;base64,R0lGODlhAQABAAAAACH5BAEKAAEALAAAAAABAAEAAAICTAEAOw==\"><noscript><img src=\"https://pbs.twimg.com/profile_images/850312838119739392/HKhZGj9G_normal.jpg\" title=\"Developers@Work\" alt=\"Developers@Work\"></noscript></noscript></noscript></noscript></noscript></noscript></noscript></noscript></noscript></noscript></noscript></noscript></noscript></noscript></noscript></noscript></noscript></noscript></noscript></noscript></noscript><img class=\"lazyload\" src=\"data:image/svg+xml,%3Csvg%20xmlns=%22http://www.w3.org/2000/svg%22%20viewBox=%220%200%20%20%22%3E%3C/svg%3E\" data-src=\"https://pbs.twimg.com/profile_images/850312838119739392/HKhZGj9G_normal.jpg\" title=\"Developers@Work\" alt=\"Developers@Work\"> </a></div><div class=\"htmega-content\"><div class=\"htmega-author\"><h6><a href=\"https://twitter.com/DevelopersWorkY\" target=\"_blank\"><span class=\"__cf_email__\" data-cfemail=\"30745546555c5f4055424370675f425b\">[email&#160;protected]</span></a></h6> <span class=\"twitter-time\"> 16 days ago </span></div><p> RT @Kwebbelkop: The Kwebbelkop team is hiring! Are you interested in editing for a massive YouTube channel? Hit me up! Tweet or email me</p></div></div></div><div class=\"htmega-twitter\"><div class=\"htmega-twitter-single\"><div class=\"htmega-thumb\"> <a href=\"https://twitter.com/DevelopersWorkY\" target=\"_blank\"> <noscript>', 0, '2020-01-19 16:54:11');

-- --------------------------------------------------------

--
-- Table structure for table `blog_posts_metadata`
--

CREATE TABLE `blog_posts_metadata` (
  `map_id` bigint(20) NOT NULL,
  `post_id` bigint(20) NOT NULL,
  `category` varchar(512) NOT NULL,
  `revision_id` bigint(20) NOT NULL,
  `publishedOn` timestamp NOT NULL DEFAULT current_timestamp(),
  `lastUpdated` timestamp NOT NULL DEFAULT current_timestamp() ON UPDATE current_timestamp(),
  `timestamp` timestamp NOT NULL DEFAULT current_timestamp()
) ENGINE=InnoDB DEFAULT CHARSET=latin1;

--
-- Dumping data for table `blog_posts_metadata`
--

INSERT INTO `blog_posts_metadata` (`map_id`, `post_id`, `category`, `revision_id`, `publishedOn`, `lastUpdated`, `timestamp`) VALUES
(1, 2, 'Sample', 0, '2020-01-13 17:33:04', '2020-01-12 16:30:06', '2020-01-12 16:30:06'),
(3, 3, 'Gaming', 1, '2020-01-13 17:33:42', '2020-01-13 17:36:27', '2020-01-13 17:33:42'),
(4, 4, 'Unknown', 0, '2020-01-12 18:30:00', '2020-01-11 18:30:00', '2020-01-13 17:34:42'),
(5, 7, 'unknown', -1, '2020-01-19 16:40:36', '2020-01-19 16:40:36', '2020-01-19 16:40:36'),
(6, 8, 'unknown', -1, '2020-01-19 16:44:53', '2020-01-19 16:44:53', '2020-01-19 16:44:53'),
(7, 9, 'unknown', -1, '2020-01-19 16:46:25', '2020-01-19 16:46:25', '2020-01-19 16:46:25'),
(8, 11, 'unknown', -1, '2020-01-19 16:51:46', '2020-01-19 16:51:46', '2020-01-19 16:51:46'),
(9, 13, 'unknown', -1, '2020-01-19 16:53:13', '2020-01-19 16:53:13', '2020-01-19 16:53:13'),
(10, 14, 'unknown', -1, '2020-01-19 16:54:11', '2020-01-19 16:54:11', '2020-01-19 16:54:11');

-- --------------------------------------------------------

--
-- Table structure for table `blog_roles`
--

CREATE TABLE `blog_roles` (
  `role_id` bigint(20) NOT NULL,
  `role_name` varchar(255) NOT NULL,
  `priority` bigint(20) DEFAULT NULL,
  `timestamp` timestamp NOT NULL DEFAULT current_timestamp()
) ENGINE=InnoDB DEFAULT CHARSET=latin1;

--
-- Dumping data for table `blog_roles`
--

INSERT INTO `blog_roles` (`role_id`, `role_name`, `priority`, `timestamp`) VALUES
(0, 'OWNER', 99999999999, '2019-12-31 15:26:56'),
(1, 'ADMINISTRATOR', 9999, '2019-12-17 17:29:30'),
(2, 'MODERATOR', 9998, '2019-12-17 17:29:43'),
(3, 'USER', 1, '2019-12-22 16:42:20'),
(4, 'CONTRIBUTOR', 10, '2019-12-22 16:42:56'),
(5, 'AUTHOR', 25, '2019-12-22 16:42:56'),
(6, 'EDITOR', 50, '2019-12-22 16:43:05'),
(8, 'comment_mod', 25, '2020-01-06 16:28:49');

-- --------------------------------------------------------

--
-- Table structure for table `blog_roles_services_map`
--

CREATE TABLE `blog_roles_services_map` (
  `map_id` bigint(20) NOT NULL,
  `role_id` bigint(20) NOT NULL,
  `service_id` bigint(20) NOT NULL
) ENGINE=InnoDB DEFAULT CHARSET=latin1;

--
-- Dumping data for table `blog_roles_services_map`
--

INSERT INTO `blog_roles_services_map` (`map_id`, `role_id`, `service_id`) VALUES
(1, 3, 1),
(3, 4, 13),
(2, 5, 3),
(4, 8, 3),
(5, 8, 4);

-- --------------------------------------------------------

--
-- Table structure for table `blog_roles_services_users_map`
--

CREATE TABLE `blog_roles_services_users_map` (
  `map_id` bigint(20) NOT NULL,
  `role_id` bigint(20) DEFAULT NULL,
  `service_id` bigint(20) DEFAULT NULL,
  `user_id` bigint(20) NOT NULL,
  `isOwner` tinyint(1) DEFAULT NULL,
  `createdBy` bigint(20) NOT NULL,
  `isActive` tinyint(1) DEFAULT 1,
  `timestamp` timestamp NOT NULL DEFAULT current_timestamp()
) ENGINE=InnoDB DEFAULT CHARSET=latin1;

--
-- Dumping data for table `blog_roles_services_users_map`
--

INSERT INTO `blog_roles_services_users_map` (`map_id`, `role_id`, `service_id`, `user_id`, `isOwner`, `createdBy`, `isActive`, `timestamp`) VALUES
(1, 0, NULL, 1, 1, 1, 1, '2019-12-31 15:59:19'),
(2, 1, NULL, 1, NULL, 1, 1, '2019-12-31 15:59:58'),
(3, 5, NULL, 2, NULL, 1, 1, '2019-12-31 16:19:18'),
(4, 2, NULL, 2, NULL, 1, 1, '2019-12-31 16:21:54'),
(6, 2, NULL, 4, NULL, 1, 0, '2019-12-31 16:23:12'),
(8, 2, NULL, 4, NULL, 1, 1, '2019-12-31 16:24:45'),
(9, NULL, 3, 4, NULL, 1, 0, '2020-01-05 16:38:25'),
(10, NULL, 4, 4, NULL, 1, 0, '2020-01-05 16:38:25'),
(15, NULL, 3, 4, NULL, 1, NULL, '2020-01-05 16:40:08'),
(16, NULL, 4, 4, NULL, 1, NULL, '2020-01-05 16:40:08');

-- --------------------------------------------------------

--
-- Table structure for table `blog_services`
--

CREATE TABLE `blog_services` (
  `service_id` bigint(20) NOT NULL,
  `service_name` varchar(255) NOT NULL,
  `service_parent` bigint(20) DEFAULT NULL,
  `timestamp` timestamp NOT NULL DEFAULT current_timestamp()
) ENGINE=InnoDB DEFAULT CHARSET=latin1;

--
-- Dumping data for table `blog_services`
--

INSERT INTO `blog_services` (`service_id`, `service_name`, `service_parent`, `timestamp`) VALUES
(1, 'CHANGE PASSWORD', NULL, '2019-12-17 17:30:08'),
(2, 'POSTS', NULL, '2019-12-22 16:43:34'),
(3, 'CREATE', 2, '2019-12-22 16:43:42'),
(4, 'UPDATE', 2, '2019-12-22 16:43:51'),
(5, 'DELETE', 2, '2019-12-22 16:43:59'),
(6, 'READ', 2, '2019-12-22 16:44:16'),
(7, 'COMMENTS', NULL, '2019-12-22 16:44:41'),
(8, 'CREATE', 7, '2019-12-22 16:44:46'),
(9, 'UPDATE', 7, '2019-12-22 16:44:52'),
(10, 'DELETE', 7, '2019-12-22 16:45:01'),
(11, 'READ', 7, '2019-12-22 16:45:05'),
(12, 'APPROVE', 7, '2019-12-22 16:45:11'),
(13, 'SPAM', 7, '2019-12-22 16:45:16'),
(14, 'ROLES', NULL, '2019-12-31 15:24:02'),
(15, 'CREATE', 14, '2019-12-31 15:24:31'),
(16, 'UPDATE', 14, '2019-12-31 15:24:31'),
(17, 'ASSIGN', 14, '2019-12-31 15:24:43');

-- --------------------------------------------------------

--
-- Table structure for table `blog_users`
--

CREATE TABLE `blog_users` (
  `uid` bigint(20) NOT NULL,
  `username` varchar(255) NOT NULL,
  `createdOn` timestamp NOT NULL DEFAULT current_timestamp()
) ENGINE=InnoDB DEFAULT CHARSET=latin1;

--
-- Dumping data for table `blog_users`
--

INSERT INTO `blog_users` (`uid`, `username`, `createdOn`) VALUES
(1, 'admin', '2019-12-08 16:23:41'),
(2, 'admin1', '2019-12-16 16:29:51'),
(3, 'mod', '2019-12-16 16:30:44'),
(4, 'admin5', '2019-12-17 17:21:08'),
(5, 'admin6', '2019-12-17 17:21:57'),
(7, 'admin7', '2019-12-17 17:57:58'),
(8, 'admin8', '2019-12-29 15:44:14'),
(9, 'admin9', '2019-12-29 15:50:34'),
(10, 'admin90', '2019-12-29 15:52:22'),
(11, 'admin91', '2019-12-29 15:53:11'),
(12, 'admin92', '2019-12-29 15:53:38');

-- --------------------------------------------------------

--
-- Table structure for table `blog_users_credentials`
--

CREATE TABLE `blog_users_credentials` (
  `uid` bigint(20) NOT NULL,
  `password` varchar(255) NOT NULL DEFAULT 'e2fc714c4727ee9395f324cd2e7f331f'
) ENGINE=InnoDB DEFAULT CHARSET=latin1;

--
-- Dumping data for table `blog_users_credentials`
--

INSERT INTO `blog_users_credentials` (`uid`, `password`) VALUES
(1, 'e35cf7b66449df565f93c607d5a81d09'),
(2, 'e2fc714c4727ee9395f324cd2e7f331f'),
(3, 'adcaec3805aa912c0d0b14a81bedb6ff'),
(5, 'adcaec3805aa912c0d0b14a81bedb6ff'),
(7, 'adcaec3805aa912c0d0b14a81bedb6ff'),
(8, 'e10adc3949ba59abbe56e057f20f883e'),
(9, 'e10adc3949ba59abbe56e057f20f883e'),
(10, 'e10adc3949ba59abbe56e057f20f883e'),
(11, 'e10adc3949ba59abbe56e057f20f883e'),
(12, 'e10adc3949ba59abbe56e057f20f883e');

-- --------------------------------------------------------

--
-- Table structure for table `blog_users_information`
--

CREATE TABLE `blog_users_information` (
  `uid` bigint(20) NOT NULL,
  `email` varchar(255) DEFAULT NULL,
  `phoneNumber` bigint(20) DEFAULT NULL,
  `emailVerified` tinyint(1) NOT NULL DEFAULT 0
) ENGINE=InnoDB DEFAULT CHARSET=latin1;

--
-- Dumping data for table `blog_users_information`
--

INSERT INTO `blog_users_information` (`uid`, `email`, `phoneNumber`, `emailVerified`) VALUES
(1, 'admin@developerswork.yt', NULL, 0),
(2, 'admin1@developerswork.yt', 0, 0),
(3, 'mod@developerswork.yt', 1211214742454, 0),
(5, 'mod2@developerswork.yt', NULL, 0),
(7, 'mod3@developerswork.yt', NULL, 0),
(8, 'admin8@sas.a', NULL, 0),
(9, 'admin9@sas.a', NULL, 0),
(10, 'admin90@sas.a', NULL, 0),
(11, 'admin80@sas.a', NULL, 0),
(12, 'admin82@sas.a', NULL, 0);

--
-- Indexes for dumped tables
--

--
-- Indexes for table `blog_comments`
--
ALTER TABLE `blog_comments`
  ADD PRIMARY KEY (`comment_id`);

--
-- Indexes for table `blog_comments_metadata`
--
ALTER TABLE `blog_comments_metadata`
  ADD PRIMARY KEY (`comment_id`),
  ADD KEY `blog_comments_metadata map user_id` (`comment_author`),
  ADD KEY `blog_comments_metadata map post_id` (`post_id`);

--
-- Indexes for table `blog_posts`
--
ALTER TABLE `blog_posts`
  ADD PRIMARY KEY (`post_id`),
  ADD UNIQUE KEY `post_title` (`post_title`,`post_author_id`),
  ADD KEY `post_metadata map user_id` (`post_author_id`);

--
-- Indexes for table `blog_posts_content`
--
ALTER TABLE `blog_posts_content`
  ADD PRIMARY KEY (`map_id`),
  ADD UNIQUE KEY `post_id` (`post_id`,`post_part`,`post_revision`);

--
-- Indexes for table `blog_posts_metadata`
--
ALTER TABLE `blog_posts_metadata`
  ADD PRIMARY KEY (`map_id`),
  ADD UNIQUE KEY `post_id` (`post_id`,`revision_id`),
  ADD UNIQUE KEY `post_id_2` (`post_id`);

--
-- Indexes for table `blog_roles`
--
ALTER TABLE `blog_roles`
  ADD PRIMARY KEY (`role_id`),
  ADD UNIQUE KEY `role_name` (`role_name`);

--
-- Indexes for table `blog_roles_services_map`
--
ALTER TABLE `blog_roles_services_map`
  ADD PRIMARY KEY (`map_id`),
  ADD UNIQUE KEY `role_id` (`role_id`,`service_id`),
  ADD KEY `roles_services map service_id` (`service_id`);

--
-- Indexes for table `blog_roles_services_users_map`
--
ALTER TABLE `blog_roles_services_users_map`
  ADD PRIMARY KEY (`map_id`),
  ADD UNIQUE KEY `isOwner` (`isOwner`),
  ADD UNIQUE KEY `role_service_map_id` (`role_id`,`user_id`,`isActive`) USING BTREE,
  ADD UNIQUE KEY `service_id` (`service_id`,`user_id`,`isActive`) USING BTREE,
  ADD KEY `roles_services_users map uid` (`user_id`),
  ADD KEY `roles_services_users map createdBy` (`createdBy`);

--
-- Indexes for table `blog_services`
--
ALTER TABLE `blog_services`
  ADD PRIMARY KEY (`service_id`),
  ADD KEY `service_parent map service_id` (`service_parent`);

--
-- Indexes for table `blog_users`
--
ALTER TABLE `blog_users`
  ADD PRIMARY KEY (`uid`),
  ADD UNIQUE KEY `username` (`username`);

--
-- Indexes for table `blog_users_credentials`
--
ALTER TABLE `blog_users_credentials`
  ADD UNIQUE KEY `uid` (`uid`);

--
-- Indexes for table `blog_users_information`
--
ALTER TABLE `blog_users_information`
  ADD UNIQUE KEY `uid` (`uid`),
  ADD UNIQUE KEY `email` (`email`),
  ADD UNIQUE KEY `phoneNumber` (`phoneNumber`);

--
-- AUTO_INCREMENT for dumped tables
--

--
-- AUTO_INCREMENT for table `blog_comments_metadata`
--
ALTER TABLE `blog_comments_metadata`
  MODIFY `comment_id` bigint(20) NOT NULL AUTO_INCREMENT;

--
-- AUTO_INCREMENT for table `blog_posts`
--
ALTER TABLE `blog_posts`
  MODIFY `post_id` bigint(20) NOT NULL AUTO_INCREMENT, AUTO_INCREMENT=15;

--
-- AUTO_INCREMENT for table `blog_posts_content`
--
ALTER TABLE `blog_posts_content`
  MODIFY `map_id` bigint(20) NOT NULL AUTO_INCREMENT, AUTO_INCREMENT=121;

--
-- AUTO_INCREMENT for table `blog_posts_metadata`
--
ALTER TABLE `blog_posts_metadata`
  MODIFY `map_id` bigint(20) NOT NULL AUTO_INCREMENT, AUTO_INCREMENT=11;

--
-- AUTO_INCREMENT for table `blog_roles`
--
ALTER TABLE `blog_roles`
  MODIFY `role_id` bigint(20) NOT NULL AUTO_INCREMENT, AUTO_INCREMENT=9;

--
-- AUTO_INCREMENT for table `blog_roles_services_map`
--
ALTER TABLE `blog_roles_services_map`
  MODIFY `map_id` bigint(20) NOT NULL AUTO_INCREMENT, AUTO_INCREMENT=6;

--
-- AUTO_INCREMENT for table `blog_roles_services_users_map`
--
ALTER TABLE `blog_roles_services_users_map`
  MODIFY `map_id` bigint(20) NOT NULL AUTO_INCREMENT, AUTO_INCREMENT=17;

--
-- AUTO_INCREMENT for table `blog_services`
--
ALTER TABLE `blog_services`
  MODIFY `service_id` bigint(20) NOT NULL AUTO_INCREMENT, AUTO_INCREMENT=18;

--
-- AUTO_INCREMENT for table `blog_users`
--
ALTER TABLE `blog_users`
  MODIFY `uid` bigint(20) NOT NULL AUTO_INCREMENT, AUTO_INCREMENT=13;

--
-- Constraints for dumped tables
--

--
-- Constraints for table `blog_comments`
--
ALTER TABLE `blog_comments`
  ADD CONSTRAINT `comments map comment_id` FOREIGN KEY (`comment_id`) REFERENCES `blog_comments_metadata` (`comment_id`);

--
-- Constraints for table `blog_comments_metadata`
--
ALTER TABLE `blog_comments_metadata`
  ADD CONSTRAINT `blog_comments_metadata map post_id` FOREIGN KEY (`post_id`) REFERENCES `blog_posts` (`post_id`),
  ADD CONSTRAINT `blog_comments_metadata map user_id` FOREIGN KEY (`comment_author`) REFERENCES `blog_users` (`uid`);

--
-- Constraints for table `blog_posts`
--
ALTER TABLE `blog_posts`
  ADD CONSTRAINT `post_metadata map user_id` FOREIGN KEY (`post_author_id`) REFERENCES `blog_users` (`uid`);

--
-- Constraints for table `blog_posts_content`
--
ALTER TABLE `blog_posts_content`
  ADD CONSTRAINT `posts map post_id` FOREIGN KEY (`post_id`) REFERENCES `blog_posts` (`post_id`);

--
-- Constraints for table `blog_posts_metadata`
--
ALTER TABLE `blog_posts_metadata`
  ADD CONSTRAINT `posts_metadata map post_id` FOREIGN KEY (`post_id`) REFERENCES `blog_posts` (`post_id`);

--
-- Constraints for table `blog_roles_services_map`
--
ALTER TABLE `blog_roles_services_map`
  ADD CONSTRAINT `roles_services map role_id` FOREIGN KEY (`role_id`) REFERENCES `blog_roles` (`role_id`),
  ADD CONSTRAINT `roles_services map service_id` FOREIGN KEY (`service_id`) REFERENCES `blog_services` (`service_id`);

--
-- Constraints for table `blog_roles_services_users_map`
--
ALTER TABLE `blog_roles_services_users_map`
  ADD CONSTRAINT `roles_services_users map createdBy` FOREIGN KEY (`createdBy`) REFERENCES `blog_users` (`uid`),
  ADD CONSTRAINT `roles_services_users map role_id` FOREIGN KEY (`role_id`) REFERENCES `blog_roles` (`role_id`),
  ADD CONSTRAINT `roles_services_users map service_id` FOREIGN KEY (`service_id`) REFERENCES `blog_services` (`service_id`),
  ADD CONSTRAINT `roles_services_users map uid` FOREIGN KEY (`user_id`) REFERENCES `blog_users` (`uid`);

--
-- Constraints for table `blog_services`
--
ALTER TABLE `blog_services`
  ADD CONSTRAINT `service_parent map service_id` FOREIGN KEY (`service_parent`) REFERENCES `blog_services` (`service_id`);

--
-- Constraints for table `blog_users_credentials`
--
ALTER TABLE `blog_users_credentials`
  ADD CONSTRAINT `users_credentials link users` FOREIGN KEY (`uid`) REFERENCES `blog_users` (`uid`);

--
-- Constraints for table `blog_users_information`
--
ALTER TABLE `blog_users_information`
  ADD CONSTRAINT `users_info link users` FOREIGN KEY (`uid`) REFERENCES `blog_users` (`uid`);
COMMIT;

/*!40101 SET CHARACTER_SET_CLIENT=@OLD_CHARACTER_SET_CLIENT */;
/*!40101 SET CHARACTER_SET_RESULTS=@OLD_CHARACTER_SET_RESULTS */;
/*!40101 SET COLLATION_CONNECTION=@OLD_COLLATION_CONNECTION */;
